BHK,House,Location,Bedroom,Bathroom,balcony,Furnish_Details,other,Study,pooja,store,servant,Floor,price,rate,society,AgeofProperty,Feature,plot,Build,carpet
5,House,Sector 70A Gurgaon,5,4,3+ ,1,0,0,0,0,1,3,5.25,20115,Bptp Visionnaire,new,49,2604.8638,2005.745126,1894.4464
5,House,Sector 21A Faridabad,5,4,2,1,0,0,1,1,1,2,5.7,105751,,old,49,538.195,414.41015,391.4145455
10,House,Sushant Lok Phase 1,10,10,3+ ,1,0,0,0,0,1,5,2.1,38251,,new,20,548.9589,422.698353,399.2428364
21,House,Sector 54 Gurgaon,21,21,3+ ,2,0,0,0,0,1,5,5,43066,,moderate,49,1162.5012,895.125924,845.4554182
12,House,Sushant Lok Phase 1,12,12,3+ ,2,1,0,0,0,0,5,3,53763,,new,20,559.7228,430.986556,407.0711273
20,House,Sushant Lok Phase 1,20,20,3+ ,2,0,0,0,0,1,4,4.5,39062,,moderate,22,1151.7373,886.837721,837.6271273
5,House,Sector 66 Gurgaon,5,5,3+ ,1,0,0,1,1,1,3,12,37037,Emaar MGF Marbella,new,106,3239.9339,2494.749103,2356.315564
16,House,DLF Phase 1,16,16,3+ ,1,0,0,0,0,1,4,20,48889,Luxury DLF City Floors,new,31,4499.3102,3464.468854,3272.2256
6,House,DLF Phase 2,6,6,1,1,0,0,0,1,0,3,10.85,38150,,moderate,136,2841.6696,2188.085592,2066.6688
3,House,Sushant Lok Phase 1,3,4,3+ ,1,0,0,0,0,1,4,1.95,10077,Sushant Lok 1 Builder Floors,new,78,1937.502,1491.87654,1409.092364
4,House,DLF Phase 2,4,3,3+ ,1,0,0,0,1,0,2,4.45,32963,,old,79,1345.4875,1036.025375,978.5363636
6,House,DLF Phase 4,6,7,3+ ,0,0,1,1,1,1,3,9,27778,,old,67,3239.9339,2494.749103,2356.315564
13,House,DLF Phase 3,13,13,3+ ,2,0,0,1,0,0,4,5,34083,DLF City Plots Phase 3,new,91,1463.8904,1127.195608,1064.647564
5,House,DLF Phase 1,5,6,3+ ,1,0,1,1,1,1,3,15,33200,,old,78,4520.838,3481.04526,3287.882182
5,House,B Block Sushant Lok Phase 1,5,6,3+ ,1,0,1,1,1,1,3,8.25,30556,,old,64,2701.7389,2080.338953,1964.901018
6,House,New Palam Vihar Phase 1,6,4,3,1,0,1,1,0,0,3,2,14914,,moderate,36,1345.4875,1036.025375,978.5363636
9,House,DLF Phase 2,9,9,3+ ,1,0,0,1,1,1,3,10.75,29861,DLF City Plots Phase 2,very old,73,3595.1426,2768.259802,2614.649164
7,House,Sector 38 Gurgaon,7,7,3+ ,0,0,1,1,1,0,3,2.1,23333,,moderate,27,904.1676,696.209052,657.5764364
4,House,Nirvana Country,4,4,3+ ,1,0,0,1,0,1,3,7.35,41762,Unitech Espace,old,52,2163.5439,1665.928803,1573.486473
6,House,Uppals Southend,6,6,3,1,0,1,1,1,1,3,4.45,15451,,old,152,2884.7252,2221.238404,2097.981964
9,House,Sector 9 Gurgaon,9,9,3,1,0,0,0,0,0,3,3.4,12938,,old,61,2626.3916,2022.321532,1910.102982
5,House,Sector 66 Gurgaon,5,6,3+ ,1,0,0,0,1,1,3,12,38095,Emaar MGF Marbella,moderate,153,3153.8227,2428.443479,2293.689236
4,House,Sector 48 Gurgaon,4,4,3,1,0,0,1,0,1,2,8.4,25926,,very old,15,3239.9339,2494.749103,2356.315564
4,House,Sector 48 Gurgaon,4,4,2,1,0,0,1,1,1,,8.5,26235,Vipul Tatvam Villa,old,88,3239.9339,2494.749103,2356.315564
9,House,DLF Phase 2,9,9,3,1,0,1,1,1,0,4,7.6,38760,,moderate,84,1937.502,1491.87654,1409.092364
5,House,Sushant Lok Phase 1,5,5,3+ ,1,0,1,1,0,1,3,7,25926,Ansal Sushant Lok Plots,moderate,41,2701.7389,2080.338953,1964.901018
5,House,Sector 4 Gurgaon,5,5,1,1,0,1,1,0,1,1,4.75,9374,Grover Homes Sec 4,very old,35,5069.7969,3903.743613,3687.125018
9,House,Sector 9 Gurgaon,9,9,3+ ,1,0,1,0,0,0,3,3.5,13410,,moderate,23,2604.8638,2005.745126,1894.4464
9,House,Sector 40 Gurgaon,9,9,3+ ,1,0,0,0,1,1,3,5,21124,,old,83,2368.058,1823.40466,1722.224
5,House,Nirvana Country,5,5,3,0,0,0,0,0,1,3,10.56,32593,,old,20,3239.9339,2494.749103,2356.315564
4,House,Sector 67 Gurgaon,4,5,3+ ,1,0,1,1,1,0,2,5.46,24170,Ansal API Esencia,moderate,103,2260.419,1740.52263,1643.941091
5,House,DLF Phase 2,5,6,3,1,0,0,0,1,1,3,10,37037,,very old,64,2701.7389,2080.338953,1964.901018
10,House,DLF Phase 2,10,10,3,1,0,0,1,0,0,3,9,28490,,very old,64,3153.8227,2428.443479,2293.689236
4,House,Hsiidc Plot Sector 1 Imt Manesar,4,4,3+ ,0,0,0,0,0,1,1,10,122222,,unknown,12,904.1676,696.209052,657.5764364
2,House,Sector 7 Gurgaon,2,2,2,1,0,0,0,0,0,2,1.95,13542,,very old,0,1442.3626,1110.619202,1048.990982
4,House,Sushant Lok Phase 3,4,4,2,1,0,0,0,1,0,3,3.3,19097,,old,60,1732.9879,1334.400683,1260.354836
12,House,DLF Phase 2,12,16,3+ ,1,0,1,1,1,1,4,13,48148,FLOOR WISE DESIGNER KOTHI,new,144,2701.7389,2080.338953,1964.901018
3,House,Sector 15 Part 2,3,3,2,0,0,0,0,1,0,1,7.2,22222,,very old,67,3229.17,2486.4609,2348.487273
4,House,Sector 28 Gurgaon,4,4,3+ ,1,0,1,0,0,0,3,6,22222,Suncity Essel Towers,very old,89,2701.7389,2080.338953,1964.901018
5,House,DLF Phase 2,5,5,3,0,0,1,1,1,1,3,9,33333,,very old,56,2701.7389,2080.338953,1964.901018
5,House,DLF Phase 1,5,5,3+ ,0,0,1,1,1,1,2,5.8,32222,,very old,53,1797.5713,1384.129901,1307.324582
12,House,Sector 55 Gurgaon,12,12,3+ ,1,0,1,1,0,1,4,7.49,27741,,moderate,49,2701.7389,2080.338953,1964.901018
16,House,Sushant Lok Phase 1,16,16,3+ ,0,1,1,1,0,1,4,13.5,50000,,moderate,41,2701.7389,2080.338953,1964.901018
12,House,Sector 56 Gurgaon,12,12,3+ ,1,0,0,0,0,1,4,11.95,43534,,moderate,21,2744.7945,2113.491765,1996.214182
16,House,Sector 56 Gurgaon,16,18,3+ ,1,0,0,1,0,1,4,12.39,45889,,new,49,2701.7389,2080.338953,1964.901018
5,House,DLF Phase 2,5,5,3,1,0,0,1,0,1,2,6.25,34722,nul,old,112,1797.5713,1384.129901,1307.324582
4,House,Sector 70A Gurgaon,4,5,3+ ,1,0,1,1,1,1,3,5.4,20690,Bptp Visionnaire,moderate,136,2604.8638,2005.745126,1894.4464
4,House,C Block Sushant Lok Phase 1,4,4,2,0,0,0,1,1,1,2,5.75,29716,,very old,34,1937.502,1491.87654,1409.092364
3,House,Palam Vihar,3,3,2,1,0,0,0,0,0,2,2.55,16378,,very old,8,1560.7655,1201.789435,1135.102182
8,House,Palam Vihar,8,6,3+ ,1,0,1,1,1,1,,5.6,17284,,old,0,3239.9339,2494.749103,2356.315564
5,House,Greenwood City,5,8,3+ ,2,0,1,1,1,1,3,17,37777,,moderate,152,4499.3102,3464.468854,3272.2256
4,House,Sector 112 Gurgaon,4,6,3,1,0,0,1,1,1,2,7.99,12519,Experion Windchants,new,129,8289.600909,6382.9927,6028.800661
6,House,Uppals Southend,6,6,3,0,1,0,0,0,0,3,3.75,25562,Uppal Southend,old,49,1463.8904,1127.195608,1064.647564
3,House,Sector 48 Gurgaon,3,4,2,1,0,1,1,1,1,2,7.25,27971,Vipul Tatvam Villa,old,115,2594.0999,1997.456923,1886.618109
4,House,Sector 48 Gurgaon,4,5,3+ ,1,0,1,1,0,1,2,8.4,21000,Vipul Tatvam Villa,old,49,4004.1708,3083.211516,2912.124218
4,House,Sector 55 Gurgaon,4,4,3+ ,1,0,0,0,0,0,2,3.55,24500,,very old,27,1453.1265,1118.907405,1056.819273
4,House,Sector 91 Gurgaon,4,4,3+ ,1,0,1,1,1,1,3,2.5,7058,DLF New Town Heights,old,80,3401.3924,2619.072148,2473.739927
4,House,Sector 86 Gurgaon,4,4,3+ ,1,0,1,1,1,1,3,2.5,7058,DLF New Town Heights ,old,142,3401.3924,2619.072148,2473.739927
5,House,Sector 111 Gurgaon,5,5,3+ ,1,0,0,0,0,1,3,9,11250,Puri Diplomatic Greens,moderate,112,10386.46455,7997.5777,7553.792397
3,House,Sector 40 Gurgaon,3,3,2,1,1,0,0,0,0,3,2.1,23333,,old,35,904.1676,696.209052,657.5764364
5,House,Sector 14 Gurgaon,5,5,1,0,0,0,0,0,0,1,4.5,20000,,moderate,0,3433.6841,2643.936757,2497.2248
5,House,C Block Sushant Lok Phase 1,5,4,3+ ,1,0,0,1,0,1,3,6.5,35400,,old,54,1937.502,1491.87654,1409.092364
12,House,Sector 40 Gurgaon,12,12,3+ ,1,0,0,0,1,0,4,9.5,40135,,new,57,2368.058,1823.40466,1722.224
4,House,Sector 23 Gurgaon,4,4,2,1,0,0,0,0,0,2,5,16244,,very old,7,3078.4754,2370.426058,2238.8912
4,House,Sector 109 Gurgaon,4,4,3+ ,1,0,0,0,0,1,2,5.5,21605,International City by Sobha Phase 1,new,61,2432.6414,1873.133878,1769.193745
4,House,Sector 109 Gurgaon,4,4,3+ ,1,1,0,0,0,1,2,5.65,10463,International City by SOBHA Phase 2,new,44,5403.4778,4160.677906,3929.802036
4,House,Sector 66 Gurgaon,4,4,3+ ,1,0,0,1,1,1,3,8.8,41615,Emaar MGF Marbella,moderate,107,3117.337273,2400.3497,2267.15438
3,House,Sector 4 Gurgaon,3,3,2,1,0,0,0,0,0,2,3.25,14444,,very old,27,2249.6551,1732.234427,1636.1128
3,House,Sector 4 Gurgaon,3,3,2,1,0,0,0,0,0,1,5,10101,,very old,22,4951.394,3812.57338,3601.013818
4,House,Nirvana Country,4,5,2,1,0,1,1,0,1,3,10.45,38703,,old,142,2701.7389,2080.338953,1964.901018
5,House,Sector 48 Gurgaon,5,6,3,1,0,1,1,1,1,2,19.5,22222,Vipul Tatvam Villa,old,110,8772.5785,6754.885445,6380.057091
5,House,Sector 82 Gurgaon,5,5,3+ ,1,0,0,1,0,1,2,7.5,23148,,moderate,135,3239.9339,2494.749103,2356.315564
4,House,Sector 109 Gurgaon,4,4,2,1,0,0,0,0,1,3,5.75,16428,International City by Sobha Phase 1,moderate,146,269.0975,207.205075,195.7072727
4,House,Sector 109 Gurgaon,4,5,3+ ,1,0,1,1,1,1,3,5.7,10556,International City by Sobha Phase 1,moderate,160,5403.4778,4160.677906,3929.802036
3,House,Sector 9 Gurgaon,3,3,2,1,0,0,0,0,0,1,3.2,13519,,very old,36,2368.058,1823.40466,1722.224
12,House,Sector 56 Gurgaon,12,13,3+ ,1,0,1,1,0,1,4,11.5,42032,,moderate,49,2734.0306,2105.203562,1988.385891
4,House,Sector 48 Gurgaon,4,5,3,1,0,1,1,1,1,2,7.69,24069,Vipul Tatvam Villa,old,110,3196.8783,2461.596291,2325.0024
4,House,Sector 82 Gurgaon,4,4,3+ ,1,0,1,1,0,1,1,7,21605,,moderate,49,3239.9339,2494.749103,2356.315564
2,House,New Colony,2,2,2,1,0,0,0,0,0,1,1.55,13889,,old,52,1076.39,828.8203,782.8290909
4,House,Sector 7 Gurgaon,4,4,3,1,0,0,0,0,0,3,3.85,14650,,very old,27,2626.3916,2022.321532,1910.102982
2,House,Sector 7 Gurgaon,2,2,2,1,0,0,0,0,0,2,2,13889,,very old,22,1442.3626,1110.619202,1048.990982
3,House,Sector 7 Gurgaon,3,3,2,1,0,0,0,0,0,2,3.1,13778,,very old,22,2249.6551,1732.234427,1636.1128
3,House,Sector 7 Gurgaon,3,3,2,1,0,0,0,0,0,2,2.25,15625,,very old,27,1442.3626,1110.619202,1048.990982
4,House,Nirvana Country,4,4,2,1,0,0,0,0,1,3,7,23333,,very old,118,2400.3497,1848.269269,1745.708873
4,House,Sector 48 Gurgaon,4,5,3+ ,1,1,1,1,0,1,2,8.5,21250,Vipul Tatvam Villa,old,49,4004.1708,3083.211516,2912.124218
4,House,Sector 66 Gurgaon,4,5,2,0,0,1,0,0,1,3,8.7,38667,Emaar MGF Marbella,new,144,2249.6551,1732.234427,1636.1128
5,House,Sector 109 Gurgaon,5,6,3,1,0,1,1,1,1,3,12.5,26667,International City by SOBHA Phase 2,moderate,63,4499.3102,3464.468854,3272.2256
4,House,Sector 109 Gurgaon,4,5,3,0,0,0,0,0,1,2,6.8,12593,International City by SOBHA Phase 2,moderate,49,5403.4778,4160.677906,3929.802036
7,House,Sector 109 Gurgaon,7,6,3,0,0,1,1,0,1,3,9.5,26389,International City by SOBHA Phase 2,moderate,138,3595.1426,2768.259802,2614.649164
5,House,Sector 109 Gurgaon,5,6,2,0,0,0,0,0,1,2,7,12963,International City by SOBHA Phase 2,moderate,154,5403.4778,4160.677906,3929.802036
5,House,Sector 109 Gurgaon,5,5,2,1,0,0,0,0,1,2,6.2,25514,International City by SOBHA Phase 2,moderate,135,2432.6414,1873.133878,1769.193745
5,House,Sector 56 Gurgaon,5,5,3+ ,1,1,0,0,0,0,3,3.6,24845,huda sector-56 gurgaon,old,47,1453.1265,1118.907405,1056.819273
5,House,Sector 17C Gurgaon,5,5,2,1,0,0,0,1,0,2,3.05,17650,Sector-17C,very old,29,1732.9879,1334.400683,1260.354836
4,House,Sector 109 Gurgaon,4,5,2,1,0,0,0,0,1,2,5.9,24280,International City by Sobha Phase 1,moderate,111,2432.6414,1873.133878,1769.193745
4,House,Sector 109 Gurgaon,4,5,3+ ,1,0,0,0,0,1,2,5.85,26423,International City by Sobha Phase 1,moderate,85,2217.3634,1707.369818,1612.627927
4,House,Sector 70A Gurgaon,4,4,3+ ,0,0,0,0,0,1,2,4,6666,Bptp Visionnaire,moderate,154,5995.4923,4616.529071,4360.358036
4,House,Sector 70A Gurgaon,4,4,3+ ,1,0,1,1,1,1,3,5.35,8916,Bptp Visionnaire,moderate,160,7786.353636,5995.4923,5662.802645
6,House,DLF Phase 2,6,7,3+ ,1,0,1,0,0,1,2,6.6,36667,,old,119,1797.5713,1384.129901,1307.324582
4,House,Sector 109 Gurgaon,4,5,3+ ,1,0,0,0,0,0,2,6.3,9000,International City by Sobha Phase 1,moderate,122,9086.409091,6996.535,6608.297521
5,House,Sector 109 Gurgaon,5,6,3,1,0,1,0,0,1,2,12,20000,International City by Sobha Phase 1,moderate,154,7997.5777,6158.134829,5816.420145
6,House,Sushant Lok Phase 1,6,6,3,1,1,0,0,0,1,2,5.8,29974,Ansal Sushant Lok Plots,moderate,49,1937.502,1491.87654,1409.092364
4,House,Sector 109 Gurgaon,4,5,3+ ,1,0,0,0,0,1,2,6,24691,International City by Sobha Phase 1,moderate,96,2432.6414,1873.133878,1769.193745
9,House,Sector 57 Gurgaon,9,9,3+ ,1,0,0,0,0,1,3,6.25,2778,,new,61,27900.0288,21483.02218,20290.93004
18,House,Sector 55 Gurgaon,18,18,3+ ,1,1,0,0,0,0,4,7.05,46906,private house,moderate,57,1506.946,1160.34842,1095.960727
16,House,Shivaji Nagar,16,16,3+ ,1,0,0,0,0,0,4,4.5,25000,,moderate,20,1797.5713,1384.129901,1307.324582
4,House,Sector 31 Gurgaon,4,4,2,1,0,1,1,0,1,2,3.69,23699,,old,75,1560.7655,1201.789435,1135.102182
7,House,Sushant Lok Phase 1,7,7,3,1,1,0,0,0,0,4,2.5,25960,,moderate,20,957.9871,737.650067,696.7178909
1,House,Sushant Lok Phase 1,1,1,0,0,1,0,0,0,0,1,5.5,28424,,very old,12,1937.502,1491.87654,1409.092364
4,House,Nirvana Country,4,4,2,1,0,0,0,0,1,2,15,33333,Unitech Deerwood Chase,old,160,4499.3102,3464.468854,3272.2256
3,House,Nirvana Country,3,3,1,1,0,0,0,0,1,2,6.95,4490,Unitech Aspen Greens,old,160,2163.5439,1665.928803,1573.486473
5,House,Palam Vihar,5,5,2,1,0,0,1,0,0,2,5.7,14729,Ansals Palam Vihar,very old,94,3875.004,2983.75308,2818.184727
7,House,Sector 109 Gurgaon,7,5,3+ ,0,1,1,1,0,1,4,11.3,25111,International City by SOBHA Phase 2,moderate,49,4499.3102,3464.468854,3272.2256
7,House,Sector 109 Gurgaon,7,5,3+ ,0,0,1,1,0,1,4,11.25,25000,International City by SOBHA Phase 2,moderate,42,4499.3102,3464.468854,3272.2256
4,House,Sector 70A Gurgaon,4,4,3+ ,0,0,1,1,1,1,3,4.02,7309,Bptp Visionnaire,moderate,138,7143.315455,5500.3529,5195.138512
4,House,Sector 109 Gurgaon,4,4,3+ ,1,0,1,0,0,1,4,5.7,10556,International City by Sobha Phase 1,moderate,98,5403.4778,4160.677906,3929.802036
9,House,Dharam Colony,9,7,3+ ,0,0,0,1,1,0,3,1,74074,,old,7,139.9307,107.746639,101.7677818
3,House,DLF Phase 3,3,3,1,0,0,0,0,0,0,,1.45,26852,,very old,9,538.195,414.41015,391.4145455
9,House,Sector 9A Gurgaon,9,9,3+ ,1,1,1,1,0,0,3,4.5,14286,,moderate,38,3153.8227,2428.443479,2293.689236
4,House,"Gopal Nagar, Garhi Ghasita, Sonipat",4,3,3+ ,1,1,0,0,0,0,4,1,11111,,moderate,0,904.1676,696.209052,657.5764364
7,House,South City 1,7,7,3+ ,2,0,1,1,1,1,3,7,28283,,old,151,2475.697,1906.28669,1800.506909
19,House,Sector 17A Gurgaon,19,17,3,0,0,1,1,1,1,4,3.93,24214,,moderate,74,1625.3489,1251.518653,1182.071927
4,House,Sector 56 Gurgaon,4,4,3+ ,1,0,0,0,0,0,2,4,26613,,moderate,24,1506.946,1160.34842,1095.960727
7,House,DLF Phase 3,7,7,3+ ,1,1,0,0,0,0,3,2.75,7666,,old,0,3900.166364,3003.1281,2836.484628
4,House,DLF Phase 1,4,3,2,1,0,0,0,0,0,2,4,40775,DLF City Plots,moderate,0,979.5149,754.226473,712.3744727
8,House,New Basti,8,4,2,0,0,0,0,0,0,2,2.4,99173,,very old,21,236.8058,182.340466,172.2224
4,House,Shivaji Nagar,4,3,2,0,0,1,1,0,0,1,2.2,12222,Not Applicable,very old,24,1797.5713,1384.129901,1307.324582
8,House,Manesar,8,8,0,0,0,0,0,0,0,1,1.1,6172,,new,0,1786.8074,1375.841698,1299.496291
4,House,New Colony,4,5,3+ ,1,0,1,1,0,1,1,8,22222,,very old,31,3595.1426,2768.259802,2614.649164
4,House,Mohan Nagar,4,4,2,0,0,0,0,0,0,1,1.3,8701,,very old,0,1496.1821,1152.060217,1088.132436
6,House,Saraswati Vihar,6,6,3,0,0,0,0,0,0,3,3.5,25926,Housing Board Colony,moderate,0,1345.4875,1036.025375,978.5363636
8,House,DLF Phase 1,8,5,3+ ,1,0,0,0,0,0,3,6,33333,,very old,9,1797.5713,1384.129901,1307.324582
10,House,Shivpuri,10,7,3,1,1,1,1,0,1,1,2.8,12444,shivpuri,very old,0,2249.6551,1732.234427,1636.1128
4,House,Sector 92 Gurgaon,4,4,3+ ,0,0,1,1,0,0,3,2.75,9793,Ansal Heights,moderate,0,2809.3779,2163.220983,2043.183927
4,House,Sector 76 Gurgaon,4,4,0,0,0,0,0,0,0,14,1.75,6250,Ninex City,unknown,0,3848.09425,2963.032573,2798.614
5,House,Sector 72 Gurgaon,5,5,3+ ,0,0,0,0,0,0,21,3.1,8486,Spaze Privy,moderate,0,3648.9621,2809.700817,2653.790618
5,House,Jyoti Park,5,4,2,0,0,0,0,0,0,1,1.16,11717,,unknown,0,1361.63335,1048.45768,990.2788
6,House,Palam Vihar,6,6,2,1,0,0,0,0,0,1,5,15384,,unknown,0,4469.709475,3441.676296,3250.6978
3,House,Sector 14 Gurgaon,3,3,3,0,0,0,0,0,0,1,5,22222,,old,25,2249.6551,1732.234427,1636.1128
5,House,Sector 33 Gurgaon,5,7,3+ ,0,0,1,1,1,1,2,9.5,23333,Unitech Uniworld Resorts,unknown,57,4499.3102,3464.468854,3272.2256
8,House,Sector 56 Gurgaon,8,8,3+ ,1,0,0,0,0,0,0,7.25,29336,,old,24,2723.2667,2096.915359,1980.5576
3,House,Ashok Vihar,3,3,0,0,0,0,0,0,0,,1.5,10288,,very old,0,1453.1265,1118.907405,1056.819273
3,House,Sector 93 Gurgaon,3,2,1,0,0,0,0,0,0,3,1.3,11284,DLF Gardencity Enclave,moderate,50,1151.7373,886.837721,837.6271273
5,House,Sector 5 Gurgaon,5,5,3+ ,0,0,0,0,0,0,3,3.75,11029,,unknown,0,4417.392727,3401.3924,3212.649256
10,House,Rajiv Nagar,10,10,2,0,0,0,0,0,0,1,2.25,6944,,unknown,0,4454.909112,3430.280017,3239.9339
5,House,Madanpuri,5,3,2,0,0,0,1,0,0,2,1.15,8518,,very old,15,1345.4875,1036.025375,978.5363636
4,House,Ashok Vihar Phase I,4,4,2,1,0,0,1,0,1,2,1.45,557,,old,62,25994.8185,20016.01025,18905.32255
5,House,Surya Vihar,5,5,2,1,0,0,0,0,0,3,1.6,11852,,moderate,0,1345.4875,1036.025375,978.5363636
5,House,DLF Phase 1,5,5,2,1,0,0,0,0,1,3,7,39265,,moderate,9,1786.8074,1375.841698,1299.496291
10,House,Sector 38 Gurgaon,10,10,3+ ,1,0,0,0,0,0,1,8,230547,,unknown,0,447.3309091,344.4448,325.3315702
6,House,Bhim Nagar,6,4,0,0,0,0,0,0,0,3,1,41666,,unknown,0,307.54,236.8058,223.6654545
2,House,Laxman Vihar Phase 2,2,1,3+ ,0,0,0,0,0,0,,4.12,8889,,old,0,4639.2409,3572.215493,3373.993382
3,House,Sector 109 Gurgaon,3,4,0,0,0,0,0,0,0,12,1.87,8697,ATS Tourmaline,unknown,0,2795.818182,2152.78,2033.322314
7,House,Rajendra Park,7,4,1,1,1,0,0,0,0,2,1.2,13333,,old,14,904.1676,696.209052,657.5764364
5,House,Sector 50 Gurgaon,5,6,0,0,0,0,0,0,0,1,6.5,21667,,unknown,0,3900.166364,3003.1281,2836.484628
4,House,"URBAN ESTATE, SECTOR 5",4,4,3+ ,1,0,0,0,0,0,3,3.75,20425,,very old,28,1840.6269,1417.282713,1338.637745
3,House,New Palam Vihar Phase 2,3,2,1,0,0,0,0,0,0,,2.5,5472,,very old,8,4004.1708,3083.211516,2912.124218
36,House,West Rajiv Nagar,36,36,2,0,0,0,0,0,1,3,2.25,6944,,old,7,3239.9339,2494.749103,2356.315564
5,House,Vishnu Garden,5,3,3,1,0,0,0,0,0,3,1.35,3857,,unknown,0,4543.204545,3498.2675,3304.14876
3,House,Sushant Lok Phase 3,3,3,2,0,1,0,0,0,1,2,4.7,21759,,very old,43,2163.5439,1665.928803,1573.486473
9,House,Sheetla Colony,9,9,0,1,0,0,0,0,0,1,1.65,75000,,new,0,279.5818182,215.278,203.3322314
6,House,Farukhnagar,6,6,0,0,1,0,0,0,0,0,2.3,25386,,very old,41,904.1676,696.209052,657.5764364
10,House,Ravi Nagar,10,6,3+ ,0,0,0,0,0,0,3,1.25,8735,,very old,0,1431.5987,1102.330999,1041.162691
1,House,Mianwali Colony,1,1,2,0,0,0,0,0,0,1,1.7,9444,Project Mianwali Colony,unknown,0,2471.660538,1903.178614,1797.5713
4,House,Palam Vihar,4,4,1,0,0,0,0,0,0,2,6,20000,,moderate,0,3886.187273,2992.3642,2826.318017
4,House,Sector 55 Gurgaon,4,4,0,0,0,0,0,0,0,2,2.8,18667,,unknown,0,1943.093636,1496.1821,1413.159008
4,House,Part 3 Sector 5 Gurgaon,4,2,1,0,0,0,0,0,0,1,3.12,18889,,very old,0,1646.8767,1268.095059,1197.728509
3,House,Sector 38 Gurgaon,3,3,2,0,0,0,0,0,0,1,3.5,24306,,moderate,0,1983.248575,1527.101403,1442.3626
4,House,Saraswati Vihar,4,2,2,0,0,0,0,0,0,2,2.58,17695,Project Housing Board Colony,unknown,0,1790.843863,1378.949774,1302.4319
4,House,Sector 63 Gurgaon,4,4,3+ ,1,0,0,0,0,0,27,8.5,21519,DLF The Arbour,unknown,61,5130.326364,3950.3513,3731.146446
7,House,Lucknow,7,7,3+ ,0,0,0,0,0,0,4,4,17817,DLF Garden City Floors,new,45,2249.6551,1732.234427,1636.1128
4,House,Pataudi Road,4,3,3+ ,0,0,0,0,0,0,3,1.45,2,,old,0,8711988.507,6708231.15,6335991.641
4,House,Ravi Nagar,4,3,1,0,0,0,0,0,0,2,1.1,55000,,very old,0,204.5141,157.475857,148.7375273
9,House,Subhash Nagar,9,5,2,0,0,0,1,0,0,1,2.5,13888,,very old,8,1797.5713,1384.129901,1307.324582
3,House,Sector 38 Gurgaon,3,2,2,0,0,0,0,0,0,1,3.5,20323,,old,0,1722.224,1326.11248,1252.526545
2,House,Sector 56 Gurgaon,2,2,2,1,0,0,0,0,0,1,2.95,20359,Huda Plots,old,31,1453.1265,1118.907405,1056.819273
5,House,Jyoti Park,5,4,2,1,1,0,0,0,0,3,1.16,11693,,old,39,990.2788,762.514676,720.2027636
6,House,DLF Phase 2,6,5,2,0,0,0,0,0,0,3,16,26667,,moderate,0,7786.353636,5995.4923,5662.802645
12,House,Malibu Town,12,12,3+ ,1,0,0,0,0,0,4,8.5,53125,Malibu Towne,new,99,2082.884545,1603.8211,1514.825124
5,House,Sector 28 Gurgaon,5,6,3+ ,0,0,0,0,0,0,4,8.95,17900,Suncity Essel Towers,old,0,5005.2135,3854.014395,3640.155273
9,House,C Block Sushant Lok Phase 1,9,9,3+ ,0,0,0,0,0,1,4,14,39886,,old,7,3509.0314,2701.954178,2552.022836
4,House,Jyoti Park,4,5,0,1,0,0,0,0,0,3,1.35,40909,,unknown,0,433.3518182,333.6809,315.1649587
6,House,Nirvana Country,6,6,0,0,0,0,0,0,0,2,13.2,27155,,unknown,0,6318.549091,4865.2828,4595.30843
9,House,Sector 12 Gurgaon,9,9,3+ ,0,0,0,0,0,0,3,6,14492,Anamika Enclave,very old,9,4144.1015,3190.958155,3013.892
6,House,Laxman Vihar,6,4,1,0,0,0,0,0,0,2,1.1,11111,,unknown,0,1286.076364,990.2788,935.3282645
5,House,Sector 37D Gurgaon,5,5,3+ ,0,0,0,0,0,0,2,2.5,13157,,moderate,0,1905.2103,1467.011931,1385.607491
2,House,Shivpuri,2,2,1,1,0,0,0,0,0,2,2,11111,,moderate,0,1797.5713,1384.129901,1307.324582
10,House,Sector 56 Gurgaon,10,10,3+ ,2,0,1,1,0,1,4,8,9654,,moderate,107,365.9726,281.798902,266.1618909
6,House,Acharya Puri,6,3,1,0,1,0,0,0,0,2,1.72,11111,,very old,0,2012.989091,1550.0016,1463.992066
10,House,Bhondsi,10,6,3+ ,0,0,0,0,0,0,3,1.35,3857,,very old,0,3498.2675,2693.665975,2544.194545
3,House,DLF Phase 2,3,9,2,0,0,0,0,0,0,3,8,8000,,new,0,13749.53676,10587.14331,9999.6631
4,House,Sector 92 Gurgaon,4,5,0,0,0,0,0,0,0,13,1.8,7627,,unknown,0,3061.420909,2357.2941,2226.487934
4,House,Sector 108 Gurgaon,4,4,3+ ,1,0,0,0,0,0,1,1.7,5666,,unknown,0,3900.166364,3003.1281,2836.484628
6,House,Ashok Vihar Phase 3 Extension,6,1,0,0,0,0,0,0,0,1,1.5,5000,,new,0,3900.166364,3003.1281,2836.484628
3,House,Sector 109 Gurgaon,3,2,0,1,0,0,0,0,0,1,1.55,6567,,unknown,0,3061.420909,2357.2941,2226.487934
4,House,Pratap Nagar,4,3,0,0,0,0,0,0,0,2,2.1,8386,,unknown,0,3257.128182,2507.9887,2368.820496
34,House,Manohar Nagar,34,34,3+ ,1,0,0,0,0,0,4,5.6,12444,MANOHAR NAGAR,new,0,4499.3102,3464.468854,3272.2256
4,House,Arjun Nagar,4,6,1,0,0,0,0,0,0,3,1.6,28674,,moderate,0,559.7228,430.986556,407.0711273
5,House,Sector 82A Gurgaon,5,6,3+ ,0,0,0,0,0,0,6,3.85,7500,Vatika Sovereign Next,unknown,53,6682.005455,5145.1442,4859.640331
2,House,Sector 13 Gurgaon,2,2,2,0,0,1,1,0,0,3,1.5,10518,,very old,7,1420.8348,1094.042796,1033.3344
2,House,Sector 17A Gurgaon,2,2,1,1,0,0,0,0,0,1,1.52,19869,,very old,22,764.2369,588.462413,555.8086545
3,House,New Palam Vihar,3,2,2,0,0,0,1,0,0,1,1,8796,,very old,0,1076.39,828.8203,782.8290909
3,House,Hira Nagar,3,2,0,0,0,0,0,0,0,1,1.05,9722,,unknown,0,1397.909091,1076.39,1016.661157
5,House,Block G Sector-57 Gurgaon,5,3,2,1,0,0,0,0,0,3,1.35,24545,,very old,21,548.9589,422.698353,399.2428364
2,House,Pratap Nagar,2,2,1,0,0,0,0,0,0,3,1.4,8235,,moderate,0,2208.696364,1700.6962,1606.324628
5,House,Sector 39 Gurgaon,5,5,0,0,0,0,0,0,0,1,5.15,14072,,moderate,0,4752.890909,3659.726,3456.647934
5,House,Sector 14 Gurgaon,5,5,0,0,0,0,0,0,0,4,6.5,26000,Sector 14 RWA,old,0,2497.2248,1922.863096,1816.163491
6,House,Sector 17 Gurgaon,6,5,3,0,0,0,0,0,0,3,3.5,24305,IFFCO Nagar and 17B RWA,very old,44,1442.3626,1110.619202,1048.990982
9,House,DLF Phase 2,9,9,0,0,0,0,0,0,0,1,13.5,19286,,moderate,0,9086.409091,6996.535,6608.297521
9,House,Palam Vihar,9,9,3+ ,1,0,0,1,0,0,3,5.7,22634,,old,0,2432.6414,1873.133878,1769.193745
1,House,Sushant Lok Phase 1,1,1,0,0,0,0,0,0,0,,3.3,26570,Ansal Sushant Lok Plots,under construction,0,1237.8485,953.143345,900.2534545
4,House,Krishna Colony,4,2,2,1,1,0,0,0,0,2,1.75,11111,,very old,31,1571.5294,1210.077638,1142.930473
8,House,Sector 12A Gurgaon,8,8,3+ ,1,0,1,1,0,1,3,3.5,133079,,moderate,77,258.3336,198.916872,187.8789818
8,House,Laxman Vihar,8,4,3+ ,0,0,0,0,0,0,2,1.1,6111,,very old,7,1797.5713,1384.129901,1307.324582
2,House,Laxman Vihar,2,3,0,0,0,0,0,0,0,1,1.25,78125,,unknown,0,209.6863636,161.4585,152.4991736
4,House,Sector 10A Gurgaon,4,3,2,0,0,0,0,0,0,1,4.25,17955,,unknown,0,3075.4,2368.058,2236.654545
4,House,Sector 54 Gurgaon,4,4,0,1,0,0,0,0,0,1,5.7,211111,DLF The Grove,unknown,46,349.4772727,269.0975,254.1652893
3,House,Sector 70A Gurgaon,3,2,1,0,0,0,0,0,0,3,2.1,35000,,new,0,828.8203,638.191631,602.7784
5,House,Ashok Vihar Phase 2,5,4,2,0,0,0,0,0,0,1,1.1,10000,,unknown,0,1425.867273,1097.9178,1036.99438
4,House,Sohna Road,4,4,3+ ,1,0,0,0,0,0,4,1.2,22297,,very old,8,538.195,414.41015,391.4145455
4,House,DLF Phase 4,4,4,0,0,0,0,0,0,0,4,4.5,125000,,unknown,0,461.31,355.2087,335.4981818
2,House,Bhawani Enclave,2,2,1,1,1,0,0,0,0,,1.1,73333,,very old,0,150.6946,116.034842,109.5960727
4,House,Garhi Harsaru,4,4,0,0,0,0,0,0,0,1,3,11111,,unknown,0,3714.890988,2860.46606,2701.7389
4,House,Sector 48 Gurgaon,4,6,3,0,1,0,1,0,1,3,8.5,26235,Vipul Tatvam Villa,very old,49,3239.9339,2494.749103,2356.315564
5,House,"Anand Garden, Sector-105",5,3,1,0,0,1,1,0,0,2,1.1,6790,"Anand Garden, Sector-105",very old,0,1625.3489,1251.518653,1182.071927
9,House,Jacobpura,9,6,2,0,0,0,0,0,0,2,6,315789,,very old,0,193.7502,149.187654,140.9092364
3,House,Rajendra Park,3,2,1,0,0,0,0,0,0,1,1.15,3285,,unknown,0,4810.117813,3703.790716,3498.2675
3,House,Sector 67 Gurgaon,3,3,3,0,0,0,0,0,0,1,1.85,74000,Ansal API Esencia,unknown,0,340.4083375,262.1144199,247.5697
6,House,Sector 63A Gurgaon,6,6,3+ ,0,0,0,1,1,0,3,8.5,27139,Anant Raj Estates,under construction,29,3132.2949,2411.867073,2278.032655
4,House,DLF Phase 5,4,4,2,1,0,0,0,1,1,4,5.75,23662,,unknown,153,2432.6414,1873.133878,1769.193745
5,House,Sector 53 Gurgaon,5,5,3+ ,1,0,0,0,0,0,1,4.65,17574,,old,0,2647.9194,2038.897938,1925.759564
4,House,Ansal's Palam Vihar,4,4,3+ ,1,0,1,0,0,1,4,7.2,13333,,very old,15,4682.2965,3605.368305,3405.306545
4,House,Prem Nagar,4,5,2,0,0,0,0,0,0,2,4.5,9091,,very old,0,4951.394,3812.57338,3601.013818
5,House,Jacobpura Near Sadar Bazar,5,2,1,1,1,0,0,0,0,3,1.3,23557,Jacobpura Gurugram,very old,0,505.9033,389.545541,367.9296727
14,House,DLF Phase 3,14,14,3+ ,2,0,0,0,0,0,6,3.2,59259,,moderate,15,538.195,414.41015,391.4145455
3,House,Sector 104 Gurgaon,3,5,3+ ,0,0,0,0,0,0,2,1.95,21195,Hero Homes,old,64,914.9315,704.497255,665.4047273
10,House,Prem Nagar,10,6,2,1,1,0,0,0,0,3,1.25,151,Ganpati Heights Apartment,very old,7,82795.9188,63752.85748,60215.21367
5,House,Sector 109 Gurgaon,5,6,3+ ,0,0,0,0,0,1,2,6.1,25103,International City by Sobha Phase 1,old,30,2432.6414,1873.133878,1769.193745
3,House,Manesar,3,1,0,0,0,0,0,0,0,3,2,14954,,old,16,1334.7236,1027.737172,970.7080727
8,House,Saraswati Vihar,8,8,3+ ,1,1,0,0,0,0,4,2.1,23333,Housing Board Colony,old,38,904.1676,696.209052,657.5764364
3,House,Sector 89 Gurgaon,3,3,2,0,1,1,0,0,0,1,1.25,8784,Smart World Gems,unknown,45,1845.24,1420.8348,1341.992727
5,House,Nirvana Country,5,6,0,0,0,0,0,0,0,1,11.5,35494,Unitech Espace,unknown,0,4207.706364,3239.9339,3060.150083
3,House,Rajendra Park,3,3,1,0,0,0,0,0,0,2,1.3,11555,,old,16,1130.2095,870.261315,821.9705455
7,House,Sector 3 Gurgaon,7,2,0,0,0,0,0,0,0,1,1.5,7576,Bhim Garh Kheri,unknown,0,1980.5576,1525.029352,1440.405527
3,House,Rajendra Park,3,3,1,0,0,0,0,0,0,1,1.3,11556,,unknown,0,1467.804545,1130.2095,1067.494215
4,House,Sector 14 Gurgaon,4,4,3+ ,0,0,0,0,0,0,2,6.5,20635,Sector 14 RWA,old,0,3153.8227,2428.443479,2293.689236
2,House,Patel Nagar,2,2,1,0,0,0,0,0,1,1,1.07,11888,,very old,7,904.1676,696.209052,657.5764364
6,House,Laxmi Garden,6,6,3+ ,1,0,0,0,0,0,3,2.1,17284,,moderate,14,1216.3207,936.566939,884.5968727
2,House,Sector 31 Gurgaon,2,2,2,0,0,0,0,0,0,2,4.6,32258,,unknown,0,1845.24,1420.8348,1341.992727
3,House,Ashok Vihar Phase 2,3,4,2,0,0,0,0,0,0,2,1,11111,,moderate,0,904.1676,696.209052,657.5764364
6,House,Rajendra Park,6,4,1,0,0,0,0,0,0,1,1.1,12222,,unknown,0,1243.23045,957.2874465,904.1676
4,House,Sector 69 Gurgaon,4,3,2,1,1,0,1,0,0,3,2.95,16389,Tulip Yellow,new,111,1797.5713,1384.129901,1307.324582
6,House,Sector 31 Gurgaon,6,4,3+ ,0,1,0,0,0,0,3,4.6,31506,HUDA Housing Board Colony,very old,8,1463.8904,1127.195608,1064.647564
12,House,Laxmi Garden,12,9,1,1,1,1,1,0,1,3,1.5,12820,Laxmi Garden Sector-11,moderate,106,1173.2651,903.414127,853.2837091
8,House,DLF Phase 3,8,10,3+ ,0,0,0,0,0,0,1,10,229885,,unknown,0,592.0145,455.851165,430.556
4,House,Palam Vihar,4,5,2,1,0,0,0,0,0,1,5.2,10000,Ansal Celebrity Homes,unknown,0,6751.900909,5198.9637,4910.473388
6,House,Sector 50 Gurgaon,6,5,3+ ,1,1,1,1,0,1,2,5,232,,new,0,215966.8896,166294.505,157066.8288
6,House,Sector 17 Gurgaon,6,6,3+ ,0,0,0,0,0,0,3,3.5,218750,,unknown,0,209.6863636,161.4585,152.4991736
2,House,Sohna,2,3,2,1,0,1,1,0,0,1,1.5,14245,,new,69,1054.8622,812.243894,767.1725091
3,House,Sector 103 Gurgaon,3,5,3+ ,0,0,0,0,0,0,10,2.25,6367,,unknown,0,4585.141818,3530.5592,3334.648595
5,House,DLF Phase 2,5,6,3+ ,1,1,0,0,0,0,4,13.5,37313,,very old,79,3616.6704,2784.836208,2630.305745
1,House,Mianwali Colony,1,1,1,0,0,0,0,0,1,1,1.7,9444,mian wali,very old,7,1797.5713,1384.129901,1307.324582
6,House,Rajendra Park,6,2,1,0,0,0,0,0,0,2,1.2,10122,,very old,9,1184.029,911.70233,861.112
4,House,Patel Nagar,4,3,1,1,0,0,0,0,0,1,1.8,10000,,very old,16,1797.5713,1384.129901,1307.324582
5,House,Sector 67 Gurgaon,5,3,2,0,0,0,0,0,0,2,1.5,8642,,new,0,2234.854738,1720.838148,1625.3489
13,House,Sector 38 Gurgaon,13,13,3+ ,2,0,0,0,0,0,5,4.3,245398,HUDA Plot Sector 38,moderate,7,161.4585,124.323045,117.4243636
4,House,Sector 67 Gurgaon,4,4,0,1,0,0,0,0,0,3,3,11904,,unknown,0,3463.284825,2666.729315,2518.7526
9,House,Sector 52 Gurgaon,9,9,3+ ,1,1,0,1,0,1,3,5.5,183333,Ardee City,old,26,301.3892,232.069684,219.1921455
4,House,Sector 103 Gurgaon,4,3,3+ ,0,0,0,0,0,0,20,3.25,8125,Indiabulls Centrum Park,unknown,0,4004.1708,3083.211516,2912.124218
5,House,Sector 7 Gurgaon,5,3,3+ ,1,0,1,1,0,1,3,2.3,17037,Huda Flats,very old,27,1345.4875,1036.025375,978.5363636
10,House,Rajiv Nagar,10,7,3,0,0,0,0,0,0,4,1.5,11538,,old,0,1302.4319,1002.872563,947.2232
9,House,Rattan Garden,9,3,3,0,0,0,0,0,0,3,1.1,8730,Rattan Garden,very old,7,1259.3763,969.719751,915.9100364
5,House,Mianwali Colony,5,5,1,0,0,0,0,0,0,3,1.35,12222,,very old,31,1345.4875,1036.025375,978.5363636
6,House,Sadar Bazar,6,4,2,1,1,1,0,0,0,3,1.3,14444,Krishna Palace,old,12,904.1676,696.209052,657.5764364
5,House,Dayanand Colony,5,5,1,1,0,0,1,0,0,2,1.25,11574,,new,0,1076.39,828.8203,782.8290909
4,House,DLF Phase 3,4,2,2,0,0,0,0,0,0,1,1.44,26667,DLF City Plots Phase 3,very old,8,538.195,414.41015,391.4145455
9,House,Palam Vihar Extension,9,7,3+ ,1,0,0,1,0,0,3,1,8230,,old,0,1216.3207,936.566939,884.5968727
9,House,Sector 23A Gurgaon,9,9,3+ ,1,1,0,0,0,1,3,5.5,13095,,old,0,4197.921,3232.39917,3053.033455
4,House,Saraswati Vihar,4,3,3,1,1,0,1,0,0,2,5.5,30556,Housing Board Colony,very old,22,1797.5713,1384.129901,1307.324582
6,House,Sector 47 Gurgaon,6,4,2,0,1,0,0,0,0,2,4.3,29311,,old,0,1463.8904,1127.195608,1064.647564
4,House,DLF Phase 3,4,4,3,0,0,0,0,0,0,3,3.25,30384,,very old,15,1065.6261,820.532097,775.0008
3,House,Mianwali Colony,3,3,1,1,0,0,1,0,0,4,3.71,19818,,old,0,1872.9186,1442.147322,1362.122618
10,House,DLF Phase 4,10,10,3+ ,0,0,0,0,0,0,1,13,1992,DLF City Plot Phase 4,unknown,0,89719.79748,69084.24406,65250.7618
5,House,New Colony,5,3,2,0,0,0,0,0,0,3,1.3,13499,Rattan Garden,very old,0,1244.139091,957.9871,904.8284298
2,House,Sohna,2,3,2,1,0,1,1,0,0,1,1.55,14720,,new,49,1054.8622,812.243894,767.1725091
5,House,Sector 11 Gurgaon,5,4,1,1,0,0,0,0,0,2,4,19753,,unknown,0,2628.069091,2023.6132,1911.322975
5,House,Nirvana Country,5,6,3+ ,0,0,0,0,0,0,3,12,37037,Unitech Escape,unknown,0,4454.909112,3430.280017,3239.9339
2,House,Sector 31 Gurgaon,2,1,0,1,0,0,0,0,0,1,8,63492,Project Housing Board Colony,unknown,0,1635.553636,1259.3763,1189.493554
7,House,Sector 11 Gurgaon,7,3,0,0,0,0,0,0,0,3,1.2,4444,,unknown,0,3508.751818,2701.7389,2551.819504
1,House,Ashok Vihar Phase 3 Extension,1,1,0,0,0,0,0,0,0,1,1,6667,,unknown,0,1943.093636,1496.1821,1413.159008
2,House,New Jyoti Park,2,2,3,0,0,0,0,0,0,4,1.15,12777,,unknown,0,1243.23045,957.2874465,904.1676
6,House,Shivaji Nagar,6,4,2,1,0,0,0,0,0,1,3.08,11407,Shivaji Nagar Residential,unknown,0,3508.751818,2701.7389,2551.819504
2,House,Sector 56 Gurgaon,2,2,0,0,0,0,0,0,0,1,2.95,20233,,unknown,0,1887.177273,1453.1265,1372.492562
6,House,Sector 33 Gurgaon,6,5,3+ ,0,0,0,0,0,0,4,8,17778,Unitech Uniworld Resorts,unknown,0,5843.26,4499.3102,4249.643636
4,House,Sector 82 Gurgaon,4,3,0,0,0,0,0,0,0,2,6.5,20062,Vatika India Next,unknown,0,4207.706364,3239.9339,3060.150083
7,House,Sector 7 Gurgaon,7,7,0,1,0,0,0,0,0,3,3,11494,,unknown,0,3382.94,2604.8638,2460.32
6,House,Sector 52 Gurgaon,6,5,3+ ,0,0,0,0,0,0,4,8,25543,Raj Villas,unknown,0,4306.905488,3316.317225,3132.2949
6,House,Sector 12A Gurgaon,6,6,2,0,0,0,0,0,0,2,2.75,12343,,unknown,0,2893.671818,2228.1273,2104.488595
5,House,Sector 7 Gurgaon,5,3,0,0,0,0,0,0,0,2,2.25,16892,,unknown,0,1733.407273,1334.7236,1260.659835
3,House,Gandhi Nagar,3,2,1,0,0,0,0,0,0,1,1.45,8000,,moderate,0,2334.508182,1797.5713,1697.824132
3,House,Lajpat Nagar,3,3,1,1,0,0,0,0,0,2,3.5,17500,,unknown,0,2195.8356,1690.793412,1596.971345
5,House,Sector 108 Gurgaon,5,4,3+ ,0,0,0,0,0,0,1,10.5,14323,Sobha City,unknown,59,9519.760909,7330.2159,6923.462479
5,House,Sector 33 Gurgaon,5,6,3,0,0,1,0,0,1,4,10,181818,Unitech Uniworld Resorts,new,26,548.9589,422.698353,399.2428364
7,House,Malibu Town,7,6,3+ ,1,0,0,0,0,0,4,4.6,26620,,old,51,1732.9879,1334.400683,1260.354836
10,House,Sector 39 Gurgaon,10,11,3+ ,1,0,0,1,0,0,4,7,10000,,moderate,38,355.2087,273.510699,258.3336
1,House,Sector 39 Gurgaon,1,1,2,0,0,0,0,0,0,2,1.6,17937,,very old,40,893.4037,687.920849,649.7481455
4,House,G block DLF City Phase 1,4,3,3+ ,1,0,0,0,0,0,3,5.6,30556,,old,33,1797.5713,1384.129901,1307.324582
6,House,Palam Vihar,6,4,0,0,0,0,0,0,0,3,5,12500,Ansals Palam Vihar,unknown,0,5200.221818,4004.1708,3781.979504
1,House,Sector 39 Gurgaon,1,1,2,0,0,0,0,0,0,3,1.8,21875,,moderate,0,904.1676,696.209052,657.5764364
9,House,"Gurgaon, Delhi NCR",9,3,3+ ,0,0,0,0,0,0,3,1.5,16667,,unknown,0,1243.23045,957.2874465,904.1676
3,House,Park View,3,3,3,0,0,0,0,0,0,3,1.05,7075,Ansal Esencia Sovereign Floors,unknown,0,1929.114545,1485.4182,1402.992397
8,House,Shakti Nagar,8,5,2,0,0,0,0,0,0,1,1.8,8078,,unknown,0,3063.675038,2359.029779,2228.1273
6,House,Sector 48 Gurgaon,6,5,3+ ,0,0,0,0,0,0,3,3.35,5583,Vipul World,unknown,0,7786.353636,5995.4923,5662.802645
5,House,Jyoti Park,5,4,2,0,0,0,0,0,0,3,1.2,11194,,unknown,0,1397.909091,1076.39,1016.661157
10,House,Rajiv Nagar,10,5,3+ ,1,0,0,0,0,0,4,9,100000,,very old,0,904.1676,696.209052,657.5764364
5,House,Sector 72 Gurgaon,5,5,3+ ,1,0,0,0,0,1,14,3.09,6981,Spaze Privy,moderate,33,4738.911818,3648.9621,3446.481322
4,House,Sector 103 Gurgaon,4,5,0,0,0,0,0,0,0,12,3.15,6702,Satya The Hermitage,unknown,0,6108.862727,4703.8243,4442.809256
3,House,Sector 12A Gurgaon,3,3,0,0,0,0,0,0,0,1,1.7,9444,,unknown,0,2334.508182,1797.5713,1697.824132
6,House,Sector 1 Gurgaon,6,7,0,1,0,0,0,0,0,4,4.75,10556,,unknown,0,5843.26,4499.3102,4249.643636
2,House,Sector 9 Gurgaon,2,3,0,0,0,0,0,0,0,3,1.65,18333,,unknown,0,1174.243636,904.1676,853.9953719
4,House,Sohna Gurgaon Road,4,3,0,0,0,0,0,0,0,1,2,7479,,unknown,0,3466.814545,2669.4472,2521.319669
4,House,Sector 1 Gurgaon,4,3,2,0,0,0,0,0,0,3,1.85,16003,,unknown,0,1583.638788,1219.401866,1151.7373
6,House,DLF Phase 2,6,8,3+ ,1,0,1,1,1,1,0,13,45710,,moderate,0,2841.6696,2188.085592,2066.6688
2,House,Subhash Nagar,2,2,1,0,0,0,0,0,0,2,1.4,8702,,very old,0,1496.1821,1152.060217,1088.132436
5,House,ravi nager basai road,5,5,3+ ,0,0,0,0,0,0,3,1.8,5950,,old,0,3024.6559,2328.985043,2199.749745
10,House,Shivpuri,10,5,3,1,0,1,1,0,1,2,2.4,8889,shivpuri,very old,8,2701.7389,2080.338953,1964.901018
1,House,C Block Sushant Lok Phase 1,1,1,0,0,0,0,0,0,0,1,3.35,26973,,very old,9,1237.8485,953.143345,900.2534545
3,House,Nirvana Country,3,2,0,0,0,0,0,0,0,1,7,32407,,unknown,0,2809.797273,2163.5439,2043.488926
1,House,Sector 41 Gurgaon,1,1,0,0,0,0,0,0,0,1,1.65,13750,,unknown,0,1551.679091,1194.7929,1128.493884
4,House,Shivpuri,4,4,2,0,0,1,1,1,0,3,2.43,14890,,very old,38,1636.1128,1259.806856,1189.900218
1,House,Sector 3 Gurgaon,1,1,0,0,0,0,0,0,0,1,3.5,9210,,unknown,0,4934.619091,3799.6567,3588.813884
3,House,Sohna Road,3,3,0,0,0,0,0,0,0,1,6.25,6944,,old,0,8998.6204,6928.937708,6544.4512
4,House,Jacobpura,4,4,2,1,0,0,1,0,0,2,1.2,14184,,moderate,7,850.3481,654.768037,618.4349818
10,House,Rajiv Chowk,10,10,3,0,0,0,0,0,0,3,2,10582,Hans Enclave,old,0,2460.32,1894.4464,1789.323636
10,House,Sector 11 Gurgaon,10,1,0,0,0,0,0,0,0,1,3.5,15555,,new,0,2921.63,2249.6551,2124.821818
5,House,DLF Phase 1,5,5,3+ ,0,0,0,0,0,0,2,4.5,33333,,very old,7,1345.4875,1036.025375,978.5363636
1,House,Sector 37D Gurgaon,1,1,0,0,0,0,0,0,0,1,1.16,7539,,unknown,0,1999.01,1539.2377,1453.825455
5,House,Sohna Road,5,5,3+ ,0,0,0,0,0,0,4,1.35,10000,sneh vihar,moderate,0,1345.4875,1036.025375,978.5363636
8,House,DLF Phase 3,8,11,3+ ,1,1,1,1,0,1,3,11,28898,,very old,39,3810.4206,2934.023862,2771.214982
9,House,Sector 60 Gurgaon,9,12,3+ ,1,0,0,0,0,1,3,18.02,28200,Adani Brahma Samsara,moderate,146,8303.58,6393.7566,6038.967273
1,House,Sector 14 Gurgaon,1,1,0,0,0,0,0,0,0,1,4.6,20444,,unknown,0,2921.63,2249.6551,2124.821818
3,House,Sushant Lok Phase 1,3,3,3+ ,1,0,0,0,0,0,3,1.9,35185,,very old,0,538.195,414.41015,391.4145455
3,House,Sector 63 Gurgaon,3,3,2,0,0,0,0,0,0,1,1.5,6289,Signature Global City 63A,new,0,3103.358182,2389.5858,2256.987769
5,House,Shivaji Nagar,5,4,3,0,0,0,0,1,0,1,2.5,17857,,very old,0,1399.307,1077.46639,1017.677818
9,House,Sector 54 Gurgaon,9,9,3,1,0,0,0,0,1,11,2,30968,Suncity Township,moderate,7,645.834,497.29218,635.0701
3,House,Golf Course Road,3,2,2,0,0,0,0,0,0,41,1.6,160000,,moderate,0,96.8751,74.593827,70.45461818
1,House,Sector 108 Gurgaon,1,1,0,0,0,0,0,0,0,1,1.34,5000,,unknown,0,3480.793636,2680.2111,2531.486281
5,House,Jacobpura,5,5,3,1,1,0,1,0,0,3,1.7,8000,,old,9,2600.110909,2002.0854,1890.989752
2,House,Rajendra Park,2,2,2,0,0,0,0,0,0,3,9.9,49500,,unknown,0,2600.110909,2002.0854,1890.989752
1,House,Sushant Lok Phase 1,1,1,0,0,0,0,0,0,0,1,2.15,13030,,unknown,0,2138.800909,1646.8767,1555.49157
8,House,C Block Sushant Lok Phase 1,8,8,3+ ,0,0,0,0,0,0,5,1.85,308333,Ansal,moderate,53,64.5834,49.729218,46.96974545
5,House,Near euro international School,5,4,3+ ,1,0,0,0,0,0,3,1.7,18889,,old,34,904.1676,696.209052,657.5764364
4,House,DLF Phase 3,4,4,3+ ,1,0,1,1,1,0,4,2.6,24074,,moderate,0,1076.39,828.8203,782.8290909
5,House,Mianwali Colony,5,5,2,0,0,0,0,0,0,3,2,14815,Project Mianwali Colony,unknown,0,1747.386364,1345.4875,1270.826446
19,House,Sector 17A Gurgaon,19,17,3+ ,0,0,1,0,1,0,5,3.87,5160,,moderate,68,1625.3489,1251.518653,1182.071927
3,House,Acharya Puri,3,2,1,1,0,0,1,0,1,1,2.25,9615,,very old,8,2335.7663,1798.540051,1698.739127
11,House,Rajiv Chowk,11,10,3,0,0,0,1,1,0,3,2,10101,Hans Enclave,very old,22,1980.5576,1525.029352,1440.405527
5,House,Sector 15 Gurgaon,5,5,2,0,0,0,0,0,0,2,10,22222,Sector 15 Part 2 RWA,very old,49,4520.838,3481.04526,3287.882182
5,House,DLF Phase 3,5,4,3,0,0,0,0,0,0,3,3.5,32407,,very old,15,1076.39,828.8203,782.8290909
3,House,New Colony,3,2,3+ ,0,0,0,0,0,0,,6.5,15046,,very old,9,4316.3239,3323.569403,3139.144655
2,House,DLF Phase 4,2,2,1,0,0,0,0,1,0,3,1.39,11583,,very old,37,538.195,414.41015,391.4145455
5,House,Sector 53 Gurgaon,5,5,2,0,0,1,0,0,0,3,4,17778,,moderate,23,2249.6551,1732.234427,1636.1128
6,House,Sector 50 Gurgaon,6,5,3,1,0,1,1,0,1,4,12.5,40611,,old,23,3078.4754,2370.426058,2238.8912
7,House,DLF Phase 3,7,5,3+ ,0,0,0,0,0,0,4,1.6,29630,u block dlf phase 3 road 021,very old,0,538.195,414.41015,391.4145455
8,House,DLF Phase 3,8,5,3+ ,1,0,0,0,0,0,4,1.6,29629,DLF City Plots Phase 3,very old,8,538.195,414.41015,391.4145455
7,House,Mianwali Colony,7,7,3,0,0,0,0,0,0,2,2.9,10740,,very old,7,2701.7389,2080.338953,1964.901018
2,House,Sector 39 Gurgaon,2,2,3+ ,1,0,0,0,1,1,3,1.7,17980,,old,45,904.1676,696.209052,657.5764364
3,House,Sohna Road,3,3,0,0,0,0,0,0,0,1,5.5,55000,cloudnine cottages,old,0,1001.0427,770.802879,728.0310545
5,House,Uppals Southend,5,4,2,0,0,1,0,1,1,2,6.75,19737,SS Aaron Ville,very old,78,3422.9202,2635.648554,2489.396509
3,House,Sohna Road,3,3,3+ ,1,1,1,1,0,1,2,5.5,5093,,old,49,10796.1917,8313.067609,7851.775782
3,House,Sector 43 Gurgaon,3,3,1,0,0,0,1,0,0,2,2.75,25463,Landmark House,old,21,1076.39,828.8203,782.8290909
5,House,DLF Phase 1,5,5,2,0,0,0,0,0,0,4,8.1,35294,,very old,42,2292.7107,1765.387239,1667.425964
4,House,Sector 109 Gurgaon,4,4,3+ ,1,0,0,0,0,0,2,7,12963,International City by SOBHA Phase 2,moderate,102,5403.4778,4160.677906,3929.802036
4,House,Sector 17B Gurgaon,4,4,2,0,0,0,0,1,1,1,7.2,15926,,very old,0,4520.838,3481.04526,3287.882182
5,House,Mianwali Colony,5,5,2,0,0,0,0,0,0,3,1.5,11111,,very old,16,1345.4875,1036.025375,978.5363636
5,House,Sector 50 Gurgaon,5,7,2,1,0,0,0,0,1,4,10,14285,nirvana country,old,0,9086.409091,6996.535,6608.297521
5,House,DLF Phase 2,5,6,3+ ,1,0,1,1,1,1,3,15.5,34307,DLF City Plots Phase 2,old,144,4520.838,3481.04526,3287.882182
16,House,DLF Phase 1,16,20,3+ ,1,0,1,1,1,1,4,14.75,51864,,new,153,2841.6696,2188.085592,2066.6688
16,House,DLF Phase 1,16,20,3+ ,1,0,1,1,1,1,4,20,44265,DLF City Plots,new,153,4520.838,3481.04526,3287.882182
6,House,DLF Phase 4,6,5,3+ ,0,0,1,1,1,1,3,9.54,29444,DLF City Plots Phase 4,new,153,3239.9339,2494.749103,2356.315564
5,House,DLF Phase 2,5,6,3+ ,1,0,1,1,1,1,3,10.55,39074,DLF City Plots Phase 2,old,131,2701.7389,2080.338953,1964.901018
6,House,DLF Phase 1,6,7,3+ ,1,0,1,1,1,1,3,17.3,38734,DLF City Plots,new,124,4520.838,3481.04526,3287.882182
9,House,Palam Vihar,9,9,3+ ,1,0,0,1,0,1,3,3.65,23442,,new,116,1560.7655,1201.789435,1135.102182
6,House,DLF Phase 1,6,8,2,1,0,1,1,1,1,3,18.9,41833,,moderate,120,4520.838,3481.04526,3287.882182
8,House,South City 1,8,5,3+ ,1,0,0,1,1,1,3,9,27778,,very old,26,3239.9339,2494.749103,2356.315564
5,House,Sector 54 Gurgaon,5,5,2,1,0,1,1,0,1,1,24,600000,Emaar The Palm Springs,very old,122,398.2643,306.663511,289.6467636
3,House,Sector 40 Gurgaon,3,3,3,1,0,1,1,1,0,3,2.15,23889,,old,45,904.1676,696.209052,657.5764364
6,House,Sector 51 Gurgaon,6,3,3+ ,1,0,0,0,0,0,3,2.25,25000,,moderate,54,904.1676,696.209052,657.5764364
4,House,Sector 112 Gurgaon,4,4,3+ ,1,0,0,1,0,1,2,7.46,10260,Experion Windchants,moderate,62,8247.663636,6350.701,5998.300826
12,House,Uppals Southend,12,12,3+ ,0,1,0,0,0,0,3,6.75,31915,Uppal Southend,old,49,2109.7244,1624.487788,1534.345018
4,House,Nirvana Country,4,5,3+ ,1,0,0,1,0,1,4,3.99,8866,Nirvana Cedar Crest,new,112,4499.3102,3464.468854,3272.2256
12,House,Sector 46 Gurgaon,12,14,3+ ,1,1,0,0,0,1,,6.81,36911,,new,40,1840.6269,1417.282713,1338.637745
5,House,DLF Phase 2,5,5,3+ ,1,0,1,1,1,1,3,6.5,36111,DLF City Plots Phase 2,very old,134,1797.5713,1384.129901,1307.324582
4,House,Sector 17B Gurgaon,4,4,3+ ,0,0,1,1,1,1,2,6.95,15444,Kothi,very old,33,4499.3102,3464.468854,3272.2256
5,House,Sector 109 Gurgaon,5,5,3+ ,1,0,0,0,0,1,2,7,11240,International City by SOBHA Phase 2,moderate,129,6232.2981,4798.869537,4532.580436
3,House,Sector 63A Gurgaon,3,3,3+ ,1,0,0,0,0,1,4,3.85,15437,Birla Navya,new,160,3433.6841,2643.936757,2497.2248
3,House,Sector 82 Gurgaon,3,4,3,1,0,1,1,1,1,1,3.2,14351,Vatika Signature Villas,new,66,2163.5439,1665.928803,1573.486473
8,House,Malibu Town,8,6,3+ ,1,1,1,0,0,1,3,8.81,27191,Malibu Towne,old,27,3239.9339,2494.749103,2356.315564
4,House,Sushant Lok Phase 2,4,4,3+ ,0,0,0,0,1,0,4,1.45,241666,,moderate,70,64.5834,49.729218,46.96974545
4,House,DLF Phase 1,4,4,3+ ,1,0,1,1,1,1,2,8.9,32963,,very old,82,2701.7389,2080.338953,1964.901018
9,House,DLF Phase 2,9,9,3+ ,1,0,1,1,1,1,3,6.5,33592,DLF City Plots Phase 2,very old,142,1937.502,1491.87654,1409.092364
9,House,Sector 45 Gurgaon,9,9,3+ ,1,1,0,0,0,0,3,4.49,24455,,old,90,1840.6269,1417.282713,1338.637745
5,House,Sector 48 Gurgaon,5,6,3,1,0,0,0,0,1,3,22,26667,Vipul Tatvam Villa,old,54,8998.6204,6928.937708,6544.4512
5,House,Sector 109 Gurgaon,5,5,3+ ,0,0,1,1,1,1,2,9.5,26389,International City by SOBHA Phase 2,moderate,133,3595.1426,2768.259802,2614.649164
4,House,Sector 82 Gurgaon,4,4,3+ ,1,0,0,0,0,1,3,7,194444,Vatika India Next,moderate,105,355.2087,273.510699,258.3336
5,House,Sector 14 Gurgaon,5,4,2,1,0,0,0,0,0,2,4.15,18444,,very old,51,2249.6551,1732.234427,1636.1128
4,House,Ansal Plaza,4,4,3,1,0,0,0,0,1,2,2.9,11600,,moderate,43,2497.2248,1922.863096,1816.163491
5,House,Sector 66 Gurgaon,5,6,3+ ,1,0,0,1,0,1,4,12,38095,Emaar MGF Marbella,new,38,3153.8227,2428.443479,2293.689236
5,House,Sector 72 Gurgaon,5,6,3+ ,1,0,1,1,1,1,10,8.5,13492,Tata Primanti,moderate,145,6296.8815,4848.598755,4579.550182
4,House,South City 1,4,4,2,1,0,1,1,0,1,3,11,33951,,new,35,3239.9339,2494.749103,2356.315564
2,House,Sector-33 Sohna,2,2,2,1,0,1,0,0,0,4,1.35,11157,Central Park Flower Valley Cerise Floors,new,107,1565.658182,1205.5568,1138.660496
4,House,Laxman Vihar Phase 2,4,3,2,1,0,0,1,1,0,2,1.9,8444,,old,46,2249.6551,1732.234427,1636.1128
5,House,Sector 56 Gurgaon,5,6,3+ ,1,1,0,1,0,0,4,3.25,21495,,moderate,27,1506.946,1160.34842,1095.960727
6,House,DLF Phase 1,6,6,3,1,0,1,0,0,1,2,19,42054,DLF City Plots,moderate,121,4520.838,3481.04526,3287.882182
9,House,DLF Phase 2,9,9,2,1,0,0,0,1,1,3,7.3,1560,,moderate,109,1937.502,1491.87654,1409.092364
6,House,Sector 55 Gurgaon,6,4,3,1,0,0,0,0,1,3,5.6,20741,,very old,41,2701.7389,2080.338953,1964.901018
3,House,A Block Sushant Lok Phase 1,3,3,2,1,0,0,0,0,0,3,2.55,13178,,moderate,60,2516.236364,1937.502,1829.990083
3,House,Ansal Plaza,3,3,2,0,0,0,1,1,0,2,2.4,12000,,old,28,2002.0854,1541.605758,1456.062109
4,House,Sector 48 Gurgaon,4,4,1,0,0,0,0,0,0,1,18.5,26428,Vipul Tatvam Villa,old,30,6996.535,5387.33195,5088.389091
16,House,DLF Phase 1,16,16,3+ ,1,0,1,1,1,1,4,26,82540,,new,72,3616.6704,2784.836208,2630.305745
2,House,Sector 10A Gurgaon,2,1,2,1,1,0,0,0,0,2,1.7,18888,,very old,8,904.1676,696.209052,657.5764364
4,House,Sector 49 Gurgaon,4,4,3,1,0,0,0,0,0,4,1.6,31481,Eros Rosewood City,new,27,538.195,414.41015,391.4145455
4,House,Sector 103 Gurgaon,4,4,3+ ,1,0,1,1,1,1,2,4.35,13501,Satya The Hermitage,moderate,138,3218.4061,2478.172697,2340.658982
4,House,Sector 82 Gurgaon,4,4,3+ ,2,0,0,0,0,1,3,6.8,20988,Vatika India Next,moderate,110,3239.9339,2494.749103,2356.315564
12,House,DLF Phase 2,12,12,3+ ,1,0,1,0,0,1,4,10,400000,DLF City Plots Phase 2,moderate,114,247.5697,190.628669,180.0506909
3,House,Sushant Lok Phase 2,3,3,3+ ,1,0,0,1,1,1,2,4.6,21296,,very old,37,2163.5439,1665.928803,1573.486473
4,House,Sector 65 Gurgaon,4,4,3+ ,1,0,1,0,0,1,2,12.5,34722,Emaar Emerald Hills,moderate,0,3595.1426,2768.259802,2614.649164
4,House,Palam Vihar,4,4,3,1,0,0,0,1,0,2,2.9,18626,Ansal API Spanish Court,moderate,49,1560.7655,1201.789435,1135.102182
6,House,Sushant Lok Phase 1,6,7,3+ ,1,1,1,1,0,1,3,27.5,24366,,moderate,42,11291.3311,8694.324947,8211.877164
9,House,Sector 27 Gurgaon,9,9,3,2,0,1,1,1,1,4,8,26298,,moderate,110,3046.1837,2345.561449,2215.406327
11,House,Sushant Lok Phase 1,11,11,3+ ,1,1,0,0,0,0,5,2.25,7500,,new,28,548.9589,422.698353,399.2428364
5,House,Sushant Lok Phase 3,5,6,3+ ,0,0,1,1,1,1,4,8.31,24171,,very old,34,3433.6841,2643.936757,2497.2248
6,House,Sushant Lok Phase 3,6,6,3+ ,0,0,1,1,1,1,4,6.21,23000,,very old,52,2701.7389,2080.338953,1964.901018
6,House,Greenwood City,6,4,3+ ,1,0,1,1,1,1,3,7.35,29697,,very old,61,2475.697,1906.28669,1800.506909
5,House,DLF Phase 2,5,3,2,1,0,0,1,1,0,3,4.5,33333,DLF City Plots Phase 2,very old,25,1345.4875,1036.025375,978.5363636
4,House,DLF Phase 2,4,3,3,1,0,1,1,0,0,3,6.5,36111,,old,19,1797.5713,1384.129901,1307.324582
4,House,Sector 67A Gurgaon,4,4,2,1,0,0,1,0,0,4,1.83,6778,4S Aradhya Homes,new,145,2701.7389,2080.338953,1964.901018
4,House,Sector 48 Gurgaon,4,5,2,1,0,1,1,1,1,2,7.35,22812,Vipul Tatvam Villa,old,144,3218.4061,2478.172697,2340.658982
4,House,DLF Phase 2,4,4,2,1,0,0,1,0,1,2,10.5,261194,DLF City Plots Phase 2,very old,91,398.2643,306.663511,289.6467636
3,House,Sector 49 Gurgaon,3,3,1,1,1,0,0,0,0,2,2.75,178571,Eros Rosewood Villas,very old,80,150.6946,116.034842,109.5960727
12,House,Sector 46 Gurgaon,12,12,3+ ,1,0,1,1,0,0,4,6.5,27461,,moderate,32,2368.058,1823.40466,1722.224
9,House,DLF Phase 2,9,9,3+ ,1,0,1,1,0,1,4,7.5,31686,DLF City Plots Phase 2,moderate,160,1937.502,1491.87654,1409.092364
6,House,Sector 67 Gurgaon,6,7,3+ ,1,0,1,1,0,1,51,8,22222,Ireo Victory Valley,old,49,3595.1426,2768.259802,2614.649164
8,House,Sector 46 Gurgaon,8,8,3+ ,1,1,1,0,0,0,3,5.5,23061,,old,32,2389.5858,1839.981066,1737.880582
5,House,DLF Phase 2,5,4,3,0,0,0,0,0,1,3,4.35,32222,,very old,49,1345.4875,1036.025375,978.5363636
3,House,Palam Vihar,3,3,3,1,0,1,1,0,0,2,2.75,17662,Ansals Palam Vihar,old,15,1560.7655,1201.789435,1135.102182
6,House,DLF Phase 1,6,6,2,1,1,0,1,0,1,3,18,39841,DLF City Plots,very old,49,4520.838,3481.04526,3287.882182
5,House,DLF Phase 1,5,6,3,1,0,0,1,1,1,2,17,37627,DLF City Plots,very old,87,4520.838,3481.04526,3287.882182
3,House,Sector 57 Gurgaon,3,4,3,1,0,1,0,1,1,2,3.75,23148,Ansal Florence Super,old,38,1625.3489,1251.518653,1182.071927
5,House,DLF Phase 1,5,5,3,1,0,1,1,1,1,2,13.5,29880,DLF City Plots,very old,110,4520.838,3481.04526,3287.882182
7,House,Sector 22 Gurgaon,7,5,3+ ,1,1,0,1,0,0,3,4.75,20068,,very old,49,2368.058,1823.40466,1722.224
3,House,Sector 23A Gurgaon,3,2,0,1,1,0,0,0,0,1,5.1,16569,,very old,27,3078.4754,2370.426058,2238.8912
6,House,Sector 38 Gurgaon,6,6,3+ ,0,0,1,1,0,1,3,3.9,21242,,old,32,1840.6269,1417.282713,1338.637745
4,House,Sector 109 Gurgaon,4,4,3+ ,1,0,0,0,0,1,2,6.25,11574,International City by SOBHA Phase 2,moderate,138,5403.4778,4160.677906,3929.802036
5,House,Nirvana Country,5,5,3,0,0,1,0,0,1,2,10.55,32562,,old,42,3239.9339,2494.749103,2356.315564
3,House,Sector 61 Gurgaon,3,3,3,0,0,0,0,0,0,4,2.01,13000,Smart World Orchard,unknown,145,1550.0016,1193.501232,1127.273891
4,House,Sector 31 Gurgaon,4,4,3+ ,1,0,1,1,1,1,3,3.25,22429,,old,29,1453.1265,1118.907405,1056.819273
12,House,Sector 31 Gurgaon,12,12,3+ ,1,1,0,1,0,1,4,9.25,39530,,new,49,2389.5858,1839.981066,1737.880582
5,House,Sector 70A Gurgaon,5,4,3,1,0,1,0,0,0,3,6,22222,Bptp Visionnaire,new,40,2701.7389,2080.338953,1964.901018
4,House,DLF Phase 3,4,4,3+ ,1,0,0,1,0,1,2,5.25,38889,,moderate,72,1463.8904,1127.195608,1064.647564
6,House,DLF Phase 1,6,7,3+ ,1,1,1,1,0,1,2,26,57206,DLF City Plots,new,138,4542.3658,3497.621666,3303.538764
9,House,Sector 50 Gurgaon,9,9,3+ ,1,1,1,1,0,1,3,5.88,27222,Unitech South City ,moderate,128,2163.5439,1665.928803,1573.486473
4,House,Sector 66 Gurgaon,4,4,3+ ,1,0,1,1,1,1,3,12,37037,Emaar MGF Marbella,moderate,160,3239.9339,2494.749103,2356.315564
5,House,Sector 33 Gurgaon,5,8,3+ ,1,0,0,0,1,1,4,,,Unitech Uniworld Resorts,moderate,100,4682.2965,3605.368305,3405.306545
4,House,Sector 48 Gurgaon,4,4,3,1,0,0,0,1,1,3,6.4,23704,Eldeco Mansionz,old,151,3282.9895,2527.901915,2387.628727
8,House,Sector 46 Gurgaon,8,8,2,1,0,1,1,0,0,3,4.35,23693,,moderate,19,1840.6269,1417.282713,1338.637745
4,House,Palam Vihar,4,4,3+ ,1,0,0,0,0,0,2,2.95,15989,,very old,27,1840.6269,1417.282713,1338.637745
6,House,Palam Vihar,6,4,3+ ,1,0,0,0,0,0,3,3,19268,,very old,28,1560.7655,1201.789435,1135.102182
3,House,Palam Vihar,3,3,2,1,0,0,0,0,0,2,1.15,19360,,very old,32,592.0145,455.851165,430.556
12,House,DLF Phase 1,12,12,3+ ,1,0,0,0,0,1,4,8.25,45833,Luxury DLF City Floors,new,105,1797.5713,1384.129901,1307.324582
5,House,DLF Phase 1,5,5,2,1,1,1,0,0,1,2,13.5,29880,DLF City Plots,old,104,4520.838,3481.04526,3287.882182
5,House,DLF Phase 2,5,5,3,1,0,1,1,0,1,2,15,23437,nul,old,112,8317.559091,6404.5205,6049.133884
8,House,Sushant Lok Phase 1,8,7,3+ ,1,1,1,1,0,1,3,5.5,2716,,old,123,1937.502,1491.87654,1409.092364
5,House,DLF Phase 1,5,4,3+ ,1,0,1,1,1,1,4,18,39841,,old,113,4520.838,3481.04526,3287.882182
4,House,DLF Phase 1,4,3,2,1,0,0,0,1,0,2,5.8,32222,,moderate,21,1797.5713,1384.129901,1307.324582
4,House,Sector 50 Gurgaon,4,4,3+ ,1,0,1,0,0,1,2,12.5,40850,SS Hibiscus,moderate,160,4230.2127,3257.263779,3076.518327
4,House,DLF Phase 3,4,4,3,1,0,1,1,1,1,4,3.51,12342,DLF Floors Phase 3,unknown,160,2841.6696,2188.085592,2066.6688
6,House,Sector 5 Gurgaon,6,5,2,1,1,1,1,0,1,3,3.5,15555,,very old,155,2045.141,1574.75857,1487.375273
5,House,Sector 109 Gurgaon,5,6,3+ ,1,0,1,1,1,1,2,9.4,26111,International City by SOBHA Phase 2,moderate,147,3595.1426,2768.259802,2614.649164
5,House,Nirvana Country,5,6,3+ ,1,0,1,1,1,1,3,10.3,31790,Unitech Espace,old,160,3239.9339,2494.749103,2356.315564
4,House,Sector 109 Gurgaon,4,4,3+ ,0,0,1,1,1,1,2,6,24691,International City by Sobha Phase 1,moderate,160,2432.6414,1873.133878,1769.193745
3,House,Nirvana Country,3,3,2,1,0,1,0,0,1,2,8.45,235376,Unitech Deerwood Chase,very old,102,355.2087,273.510699,258.3336
9,House,South City 1,9,8,3,1,0,0,0,0,1,4,7.25,29293,,very old,94,2475.697,1906.28669,1800.506909
3,House,Ansal Plaza,3,3,2,1,0,0,0,0,1,2,4,16004,,old,115,2432.6414,1873.133878,1769.193745
5,House,Sector 109 Gurgaon,5,5,3+ ,1,0,0,1,1,1,3,6.15,27333,International City by Sobha Phase 1,moderate,130,2432.6414,1873.133878,1769.193745
4,House,Sector 70A Gurgaon,4,4,3+ ,1,0,1,1,1,1,3,4.6,17624,Bptp Visionnaire,old,96,2604.8638,2005.745126,1894.4464
4,House,DLF Phase 1,4,5,2,1,0,1,0,0,1,2,12.5,38580,DLF City Plots,old,121,3239.9339,2494.749103,2356.315564
4,House,Sector 109 Gurgaon,4,5,3+ ,1,1,1,1,0,1,2,10,27778,International City by SOBHA Phase 2,new,49,3595.1426,2768.259802,2614.649164
5,House,DLF Phase 1,5,6,3,1,0,0,0,0,0,2,16,35556,,very old,0,4499.3102,3464.468854,3272.2256
5,House,DLF Phase 1,5,5,3+ ,1,0,1,1,1,1,2,12.5,38580,,very old,79,3239.9339,2494.749103,2356.315564
6,House,Greenwood City,6,7,3+ ,1,0,1,1,1,1,3,16,35000,,moderate,105,4499.3102,3464.468854,3272.2256
6,House,Greenwood City,6,6,3+ ,1,0,1,1,1,1,4,10,30864,,old,70,3239.9339,2494.749103,2356.315564
5,House,Ansal Plaza,5,5,3+ ,1,0,0,1,0,0,2,2.8,161849,,very old,74,172.2224,132.611248,125.2526545
3,House,DLF Phase 1,3,3,3,0,0,0,0,0,0,2,6.75,27778,,old,27,2432.6414,1873.133878,1769.193745
4,House,Palam Vihar,4,4,2,1,0,0,0,0,0,4,2.5,16056,,very old,17,1560.7655,1201.789435,1135.102182
12,House,Mehrauli Gurgaon Road,12,4,3+ ,1,0,0,0,1,1,3,8,17707,,very old,32,4520.838,3481.04526,3287.882182
4,House,Sector 70A Gurgaon,4,5,3+ ,1,0,1,1,1,1,3,5.4,20690,Bptp Visionnaire,moderate,136,2604.8638,2005.745126,1894.4464
4,House,C Block Sushant Lok Phase 1,4,4,2,0,0,0,1,1,1,2,5.75,29716,,very old,34,1937.502,1491.87654,1409.092364
3,House,Palam Vihar,3,3,2,1,0,0,0,0,0,2,2.55,16378,,very old,8,1560.7655,1201.789435,1135.102182
8,House,Palam Vihar,8,6,3+ ,1,0,1,1,1,1,,5.6,17284,,old,0,3239.9339,2494.749103,2356.315564
5,House,Greenwood City,5,8,3+ ,2,0,1,1,1,1,3,17,37777,,moderate,152,4499.3102,3464.468854,3272.2256
4,House,Sector 112 Gurgaon,4,6,3,1,0,0,1,1,1,2,7.99,12519,Experion Windchants,new,129,8289.600909,6382.9927,6028.800661
6,House,Uppals Southend,6,6,3,0,1,0,0,0,0,3,3.75,25562,Uppal Southend,old,49,1463.8904,1127.195608,1064.647564
3,House,Sector 48 Gurgaon,3,4,2,1,0,1,1,1,1,2,7.25,27971,Vipul Tatvam Villa,old,115,2594.0999,1997.456923,1886.618109
4,House,Sector 48 Gurgaon,4,5,3+ ,1,0,1,1,0,1,2,8.4,21000,Vipul Tatvam Villa,old,49,4004.1708,3083.211516,2912.124218
4,House,Sector 55 Gurgaon,4,4,3+ ,1,0,0,0,0,0,2,3.55,24500,,very old,27,1453.1265,1118.907405,1056.819273
4,House,Sector 91 Gurgaon,4,4,3+ ,1,0,1,1,1,1,3,2.5,7058,DLF New Town Heights,old,80,3401.3924,2619.072148,2473.739927
4,House,Sector 86 Gurgaon,4,4,3+ ,1,0,1,1,1,1,3,2.5,7058,DLF New Town Heights ,old,142,3401.3924,2619.072148,2473.739927
4,House,Sector 86 Gurgaon,4,4,3+ ,1,0,0,1,0,1,,2.47,7718,DLF New Town Heights ,old,130,3196.8783,2461.596291,2325.0024
8,House,B1 Block Sector 57 Gurgaon,8,8,2,1,0,0,1,0,0,4,3.7,25535,,new,49,1453.1265,1118.907405,1056.819273
6,House,DLF Phase 1,6,8,3+ ,1,0,0,1,1,1,4,18.4,1859,,moderate,60,4520.838,3481.04526,3287.882182
6,House,Sushant Lok Phase 3,6,6,3,1,0,1,1,1,1,3,4.6,17037,Ansal Sushant Residency,very old,102,2701.7389,2080.338953,1964.901018
6,House,Sushant Lok Phase 3,6,6,2,1,0,1,1,1,1,3,3.65,10579,Ansals Florence Villa,old,152,3455.2119,2660.513163,2512.881382
4,House,DLF Phase 4,4,5,3+ ,1,0,0,1,1,1,4,12,42194,,moderate,60,2841.6696,2188.085592,2066.6688
8,House,Uppals Southend,8,8,3,1,0,1,1,1,1,3,4.5,15625,,old,151,2884.7252,2221.238404,2097.981964
6,House,Uppals Southend,6,6,3,1,0,1,1,1,1,3,4.4,15278,Uppal Southend,old,110,2884.7252,2221.238404,2097.981964
4,House,Sector 48 Gurgaon,4,4,3,1,0,1,1,1,1,2,7.25,201388,Vipul Tatvam Villa,moderate,103,355.2087,273.510699,258.3336
5,House,DLF Phase 1,5,7,3+ ,2,0,0,1,0,1,3,20,44444,,moderate,97,4499.3102,3464.468854,3272.2256
3,House,South City 1,3,3,3,1,0,0,0,0,1,4,2.65,18928,DLF South City 1,new,22,2163.5439,1665.928803,1573.486473
4,House,Mayfield Garden,4,4,2,1,0,0,0,0,1,4,2.95,10926,,moderate,49,2701.7389,2080.338953,1964.901018
8,House,Sector 10A Gurgaon,8,4,3,1,0,0,1,0,0,3,3.6,19608,,old,28,1840.6269,1417.282713,1338.637745
3,House,Sector 37D Gurgaon,3,3,3,0,0,0,1,0,0,4,1.27,8089,Signature Global City,unknown,89,1571.5294,1210.077638,1142.930473
5,House,Palam Vihar,5,6,3+ ,1,1,1,1,0,0,3,6,24691,,very old,43,2432.6414,1873.133878,1769.193745
4,House,Sector 42 Gurgaon,4,5,3,1,0,1,1,0,1,1,6.5,19607,Central Park,old,84,3315.2812,2552.766524,2411.1136
5,House,Sector 66 Gurgaon,5,6,3+ ,1,0,1,1,1,1,3,18,40000,Emaar MGF Marbella,moderate,153,4499.3102,3464.468854,3272.2256
5,House,Nirvana Country,5,5,3+ ,1,0,1,1,0,0,2,11.29,34846,Unitech Espace,old,21,3239.9339,2494.749103,2356.315564
3,House,B Block Sushant Lok Phase 1,3,3,2,1,0,0,1,0,1,4,8.49,31444,,moderate,21,2701.7389,2080.338953,1964.901018
4,House,Sector 48 Gurgaon,4,4,1,1,0,0,0,0,0,,8.5,26235,Vipul Tatvam Villa,moderate,21,3239.9339,2494.749103,2356.315564
4,House,Sector 48 Gurgaon,4,4,3+ ,1,0,0,0,0,1,2,6,22222,Eldeco Mansionz,old,69,2701.7389,2080.338953,1964.901018
5,House,Sector 112 Gurgaon,5,5,3,0,0,0,0,0,1,2,9.5,23457,Experion Windchants,moderate,45,4047.2264,3116.364328,2943.437382
8,House,Palam Vihar,8,9,3+ ,0,0,1,1,0,1,2,19.5,27083,,new,122,7201.0491,5544.807807,5237.126618
12,House,DLF Phase 1,12,12,3+ ,1,0,0,1,0,1,4,10.5,43210,,moderate,72,2723.2667,2096.915359,1980.5576
5,House,DLF Phase 2,5,4,3,0,0,0,0,0,0,3,4.31,31926,,very old,40,1345.4875,1036.025375,978.5363636
12,House,Sushant Lok Phase 3,12,12,3+ ,1,0,0,0,1,1,4,6.95,38611,,new,73,1732.9879,1334.400683,1260.354836
4,House,Sushant Lok Phase 1,4,4,2,1,0,0,0,0,1,,10.5,27911,Ansal Sushant Lok,very old,59,3767.365,2900.87105,2739.901818
5,House,DLF Phase 2,5,5,3,0,0,1,1,0,1,3,10.5,29022,,old,42,3616.6704,2784.836208,2630.305745
4,House,Sector 26 Gurgaon,4,4,3+ ,0,0,0,0,0,0,4,5.8,12837,,very old,38,4520.838,3481.04526,3287.882182
4,House,Sector 26 Gurgaon,4,4,3+ ,0,0,0,0,0,0,,4.6,12198,,very old,28,3767.365,2900.87105,2739.901818
5,House,Nirvana Country,5,5,3,0,0,0,0,0,1,2,11.58,35741,,old,20,3239.9339,2494.749103,2356.315564
4,House,Palam Vihar,4,4,3+ ,0,0,0,0,0,1,2,4,16666,Ansals Palam Vihar,old,0,2400.3497,1848.269269,1745.708873
6,House,South City,6,7,3,1,0,0,1,1,1,3,16,35556,Nirvana Country,very old,113,4499.3102,3464.468854,3272.2256
5,House,Sector 109 Gurgaon,5,5,3+ ,0,0,1,1,1,1,2,6,9634,International City by Sobha Phase 1,moderate,160,6232.2981,4798.869537,4532.580436
12,House,DLF Phase 1,12,12,3+ ,1,0,0,0,0,1,4,8.25,45833,Luxury DLF City Floors,new,105,1797.5713,1384.129901,1307.324582
4,House,Nirvana Country,4,5,3,1,0,1,0,0,1,3,6.8,31481,Unitech Aspen Greens,very old,111,2163.5439,1665.928803,1573.486473
4,House,Sector 86 Gurgaon,4,5,3+ ,1,1,0,1,0,1,4,2.5,7827,DLF New Town Heights ,old,49,3196.8783,2461.596291,2325.0024
12,House,C Block Sushant Lok Phase 1,12,12,3+ ,1,0,1,1,1,1,4,7.5,38760,,new,72,1937.502,1491.87654,1409.092364
4,House,Sector 109 Gurgaon,4,6,3+ ,0,0,1,1,1,1,3,8.48,23556,International City by SOBHA Phase 2,new,153,3595.1426,2768.259802,2614.649164
5,House,Sector 109 Gurgaon,5,7,3+ ,0,0,1,1,1,1,3,6.25,10035,International City by SOBHA Phase 2,moderate,147,6232.2981,4798.869537,4532.580436
8,House,Sushant Lok Phase 1,8,8,3,1,0,1,1,1,1,3,10.85,28841,Sushant Lok 1 Builder Floors,old,160,3767.365,2900.87105,2739.901818
9,House,Sector 47 Gurgaon,9,9,3+ ,1,0,0,0,1,0,3,5.15,26615,,moderate,75,1937.502,1491.87654,1409.092364
4,House,Sector 31 Gurgaon,4,4,3,1,0,0,0,1,0,2,3.5,24155,,very old,70,1453.1265,1118.907405,1056.819273
4,House,Sector 91 Gurgaon,4,4,3,1,0,0,0,0,0,2,3.6,14815,,new,49,2432.6414,1873.133878,1769.193745
4,House,Sushant Lok Phase 3,4,5,2,1,0,0,1,0,1,2,6,22222,Ansals Florence Villa,very old,20,2701.7389,2080.338953,1964.901018
4,House,Sector 54 Gurgaon,4,5,3+ ,1,0,1,0,0,1,2,14,62222,Emaar The Palm Springs,very old,160,2249.6551,1732.234427,1636.1128
4,House,Sector 82 Gurgaon,4,4,3+ ,0,0,0,0,0,1,16,1.6,6597,Vatika The Seven Lamps,old,94,2421.8775,1864.845675,1761.365455
3,House,Sector 83 Gurgaon,3,3,3+ ,1,0,0,1,0,1,4,1.7,7870,Vatika India Next,new,0,2163.5439,1665.928803,1573.486473
9,House,Sushant Lok Phase 3,9,9,3+ ,1,1,0,1,0,1,2,7.25,26852,,new,49,2701.7389,2080.338953,1964.901018
5,House,B Block Sushant Lok Phase 1,5,6,3,0,0,1,1,1,1,3,15.5,28233,,old,76,5489.589,4226.98353,3992.428364
3,House,Sector 14 Gurgaon,3,3,3,0,0,0,0,0,0,1,3.4,15111,,very old,32,2249.6551,1732.234427,1636.1128
9,House,DLF Phase 4,9,9,3+ ,1,0,0,1,1,1,2,11.25,34722,,old,126,3239.9339,2494.749103,2356.315564
4,House,Sushant Lok Phase 3,4,3,3+ ,0,0,1,1,1,1,2,3.3,19820,Ansals Florence Villa,old,151,1668.4045,1284.671465,1213.385091
8,House,Mayfield Garden,8,8,2,1,0,0,1,0,0,3,5.5,1087,,moderate,49,50579.5661,38946.2659,36785.13898
5,House,Sushant Lok Phase 1,5,5,3,1,0,0,0,0,1,3,8.5,31481,,old,113,2701.7389,2080.338953,1964.901018
5,House,Greenwood City,5,4,2,1,0,0,1,0,1,1,8.5,26235,,old,49,3239.9339,2494.749103,2356.315564
3,House,Nirvana Country,3,3,2,1,0,1,0,0,1,1,11.95,36883,Unitech Nirvana Birch Court,old,101,3239.9339,2494.749103,2356.315564
3,House,Nirvana Country,3,4,2,1,0,1,0,0,1,1,12,37037,Unitech Aspen Greens,old,101,3239.9339,2494.749103,2356.315564
4,House,Sector 70A Gurgaon,4,4,3+ ,1,0,1,1,0,1,2,6.5,27871,BPTP Astaire Gardens,new,160,2690.975,2072.05075,1957.072727
5,House,Sector 73 Gurgaon,5,8,3,1,0,1,1,1,1,3,17,35109,DLF Alameda,moderate,87,4843.755,3729.69135,3522.730909
7,House,Sushant Lok Phase 1,7,8,3+ ,1,0,0,1,1,1,3,11.5,17692,Ansal Sushant Lok Plots,very old,31,3767.365,2900.87105,2739.901818
12,House,Sector 40 Gurgaon,12,12,3,1,0,0,0,0,1,4,9,38022,Independent House Sector 45,new,71,2368.058,1823.40466,1722.224
4,House,DLF Phase 1,4,4,3,1,0,0,0,1,1,3,15,33333,,old,36,5843.26,4499.3102,4249.643636
3,House,Sector 48 Gurgaon,3,3,2,1,0,1,1,0,1,2,8.2,25309,Vipul Tatvam Villa,old,160,3239.9339,2494.749103,2356.315564
3,House,Sector 14 Gurgaon,3,3,2,0,0,0,0,0,0,4,5.51,16990,Sector 14 RWA,old,14,3250.6978,2503.037306,2364.143855
3,House,Sector 4 Gurgaon,3,3,2,1,0,0,0,0,0,2,3.2,14222,,very old,13,2249.6551,1732.234427,1636.1128
6,House,Sector 67 Gurgaon,6,7,3+ ,1,0,1,1,1,1,3,8,22222,Ireo Victory Valley,old,151,3595.1426,2768.259802,2614.649164
3,House,Rosewood,3,3,3,1,0,0,0,1,0,2,2.95,16388,,old,81,1797.5713,1384.129901,1307.324582
3,House,Rosewood,3,3,2,1,0,1,1,1,1,2,2.8,22075,,old,93,1377.7792,1060.889984,1002.021236
9,House,Sector 47 Gurgaon,9,9,3+ ,1,0,0,0,0,1,4,5.25,11666,,moderate,142,1948.2659,1500.164743,1416.920655
12,House,DLF Phase 1,12,12,3+ ,1,0,0,1,0,1,4,8.49,47167,,moderate,42,1797.5713,1384.129901,1307.324582
4,House,Sector 81 Gurgaon,4,4,3,0,0,0,0,1,1,2,4.35,7937,Bestech Park View Ananda,moderate,51,5478.8251,4218.695327,3984.600073
4,House,Sushant Lok Phase 3,4,4,2,1,0,1,1,0,1,3,3.49,20197,,old,49,1732.9879,1334.400683,1260.354836
4,House,Sector 56 Gurgaon,4,4,2,1,0,1,1,0,1,2,2.99,20635,,old,49,1453.1265,1118.907405,1056.819273
16,House,Sushant Lok Phase 2,16,18,2,1,0,0,1,0,1,4,9.19,34037,,new,49,2701.7389,2080.338953,1964.901018
3,House,Sushant Lok Phase 2,3,3,2,1,0,1,0,0,1,4,1.64,10123,,new,54,1625.3489,1251.518653,1182.071927
10,House,South City 1,10,10,3+ ,1,0,1,0,0,1,4,9.35,28858,Unitech Palms South City 1,old,70,3239.9339,2494.749103,2356.315564
9,House,South City 1,9,9,3+ ,1,0,1,1,1,1,4,9.25,28549,Unitech Palms South City 1,old,65,3239.9339,2494.749103,2356.315564
3,House,Sector 49 Gurgaon,3,3,3,1,0,0,1,0,0,2,2.8,15555,Eros Rosewood Villas,old,68,1528.4738,1176.924826,1111.617309
3,House,Sector 49 Gurgaon,3,3,2,1,0,0,1,1,0,2,2.5,13513,Eros Rosewood Villas,old,59,1528.4738,1176.924826,1111.617309
3,House,Sector 49 Gurgaon,3,3,3,1,0,0,0,1,1,2,4.05,20769,Eros Rosewood City,old,46,1711.4601,1317.824277,1244.698255
4,House,DLF Phase 4,4,4,3+ ,1,0,0,1,1,1,2,8.4,34568,,moderate,139,2432.6414,1873.133878,1769.193745
6,House,V Block DLF Phase 3,6,7,3+ ,1,0,1,1,1,1,3,6,21097,,old,131,2841.6696,2188.085592,2066.6688
5,House,Sector 66 Gurgaon,5,6,3+ ,1,0,1,1,1,1,2,11,33951,Emaar MGF Marbella,new,153,3239.9339,2494.749103,2356.315564
5,House,Sector 109 Gurgaon,5,5,3+ ,1,0,1,1,1,1,3,8.75,24306,International City by SOBHA Phase 2,new,153,3595.1426,2768.259802,2614.649164
4,House,DLF Phase 1,4,4,3+ ,1,0,1,1,1,1,2,23,25556,,moderate,145,8998.6204,6928.937708,6544.4512
4,House,DLF Phase 2,4,4,3+ ,1,0,1,1,1,1,2,6.5,36111,,old,61,1797.5713,1384.129901,1307.324582
4,House,Sushant Lok Phase 1,4,4,3+ ,1,1,1,1,0,1,3,2.45,7756,Sushant Lok 1 Builder Floors,old,123,538.195,414.41015,391.4145455
8,House,Ansal Plaza,8,8,2,1,0,1,1,0,1,3,5.5,21825,,old,76,2518.7526,1939.439502,1831.820073
4,House,Suncity,4,4,3,0,0,0,0,0,1,4,3.51,12342,,new,73,2841.6696,2188.085592,2066.6688
5,House,Sector 57 Gurgaon,5,5,3+ ,1,0,1,1,1,1,4,9.25,16577,Satya The Legend,moderate,160,5780.2143,4450.765011,4203.792218
7,House,Sector 23 Gurgaon,7,7,3+ ,1,0,0,1,0,1,2,5.65,17706,,old,68,3078.4754,2370.426058,2238.8912
9,House,A Block Sushant Lok Phase 1,9,9,3+ ,1,1,1,1,0,1,3,7.85,29074,,moderate,49,2701.7389,2080.338953,1964.901018
5,House,DLF Phase 1,5,5,3+ ,1,1,1,1,0,1,2,13.5,29880,,moderate,49,4520.838,3481.04526,3287.882182
6,House,DLF Phase 1,6,8,3+ ,1,0,1,1,1,1,3,19,42222,,old,103,4499.3102,3464.468854,3272.2256
18,House,Suncity,18,18,3+ ,2,0,0,0,0,1,4,5.5,38194,,moderate,70,1442.3626,1110.619202,1048.990982
4,House,Sushant Lok Phase 3,4,4,3+ ,1,0,0,0,1,0,3,3.5,21605,,very old,67,1625.3489,1251.518653,1182.071927
4,House,Sector 48 Gurgaon,4,4,3+ ,1,0,0,0,1,1,3,8.25,38194,Vipul Tatvam Villa,moderate,160,3153.8227,2428.443479,2293.689236
4,House,DLF Phase 1,4,4,3,0,0,1,1,1,0,1,16,37778,DLF City Plots,moderate,7,4499.3102,3464.468854,3272.2256
4,House,Sector 54 Gurgaon,4,4,3+ ,0,0,1,1,1,1,2,25,31111,Suncity Township,old,0,8998.6204,6928.937708,6544.4512
4,House,Palam Vihar,4,3,2,1,0,0,0,1,0,3,2.68,17213,Ansals Palam Vihar,old,74,1560.7655,1201.789435,1135.102182
5,House,Sector 23 Gurgaon,5,5,2,1,0,0,0,0,0,3,2.7,18620,,very old,17,1453.1265,1118.907405,1056.819273
4,House,Sector 4 Gurgaon,4,4,3,1,0,0,0,0,0,2,2.3,17014,,very old,15,1442.3626,1110.619202,1048.990982
3,House,Sector 70A Gurgaon,3,3,3+ ,1,1,0,0,0,0,2,1.04,7172,BPTP Astaire Gardens,moderate,145,1998.048938,1538.497682,1453.1265
5,House,A Block Sushant Lok Phase 1,5,5,2,0,0,1,1,0,1,3,9.85,29638,,very old,21,3767.365,2900.87105,2739.901818
5,House,Sector 39 Gurgaon,5,5,3+ ,1,0,0,0,0,1,4,15,33333,,old,27,4499.3102,3464.468854,3272.2256
3,House,Sector 70A Gurgaon,3,3,3+ ,1,1,0,0,0,0,2,1.18,8137,BPTP Astaire Gardens,moderate,153,1998.048938,1538.497682,1453.1265
3,House,Sushant Lok Phase 1,3,3,3+ ,1,0,0,1,0,0,4,13,48148,Sushant Lok 1 Builder Floors,new,7,2701.7389,2080.338953,1964.901018
5,House,Sector 66 Gurgaon,5,5,3+ ,0,0,1,1,1,1,3,15.1,18605,Emaar MGF Marbella,new,120,8115.9806,6249.305062,5902.531345
4,House,Sector 66 Gurgaon,4,4,3+ ,0,0,0,0,1,1,3,9.01,16066,Emaar MGF Marbella,moderate,122,5607.9919,4318.153763,4078.539564
4,House,Sector 66 Gurgaon,4,4,3+ ,1,0,1,1,0,1,3,18,55556,Emaar MGF Marbella,old,75,3239.9339,2494.749103,2356.315564
16,House,Sector 40 Gurgaon,16,16,3+ ,2,0,1,1,1,1,4,12,38986,,new,0,3078.4754,2370.426058,2238.8912
4,House,Sector 46 Gurgaon,4,3,3,1,0,1,0,0,0,3,2.25,24510,,moderate,35,914.9315,704.497255,665.4047273
4,House,Sector 33 Gurgaon,4,4,3+ ,0,0,1,1,1,1,2,8,11428,Unitech Uniworld Resorts,very old,77,6996.535,5387.33195,5088.389091
4,House,Sector 48 Gurgaon,4,4,2,0,0,0,0,0,1,2,5.75,22184,Vipul Tatvam Villa,old,30,2594.0999,1997.456923,1886.618109
4,House,Nirvana Country,4,4,3,1,0,0,0,0,1,2,9.8,30247,Unitech Espace,old,22,3239.9339,2494.749103,2356.315564
6,House,Palam Vihar,6,5,3+ ,0,0,0,0,0,1,3,4.95,20370,,moderate,91,2432.6414,1873.133878,1769.193745
5,House,Sector 66 Gurgaon,5,6,3+ ,1,0,0,1,1,1,3,19,31666,Emaar MGF Marbella,moderate,110,8998.6204,6928.937708,6544.4512
4,House,Palam Vihar,4,4,3+ ,1,0,0,1,1,1,3,4.99,18889,,old,43,2432.6414,1873.133878,1769.193745
3,House,Nirvana Country,3,3,3,1,0,0,0,0,1,1,7.1,283333,Unitech Nirvana Birch Court,old,49,236.8058,182.340466,172.2224
5,House,Sector 27 Gurgaon,5,5,3+ ,1,0,0,1,0,1,3,4.25,31481,,moderate,49,1463.8904,1127.195608,1064.647564
5,House,Sushant Lok Phase 1,5,5,3+ ,1,0,0,1,0,1,2,9.5,42222,,moderate,88,2723.2667,2096.915359,1980.5576
16,House,DLF Phase 2,16,16,3+ ,1,0,1,1,1,1,4,16,59259,,new,72,3153.8227,2428.443479,2293.689236
12,House,Sector 27 Gurgaon,12,12,3+ ,1,0,0,1,0,1,4,8.25,45833,,new,40,1894.4464,1458.723728,1377.7792
4,House,Sector 70A Gurgaon,4,4,3+ ,1,1,0,0,0,0,3,4.7,18008,Bptp Visionnaire,new,35,2604.8638,2005.745126,1894.4464
5,House,Sector 31 Gurgaon,5,5,3+ ,1,0,0,1,1,0,3,4.25,26235,,old,56,1840.6269,1417.282713,1338.637745
10,House,DLF Phase 3,10,8,3+ ,1,0,0,0,1,1,4,4.5,33333,,moderate,56,1463.8904,1127.195608,1064.647564
4,House,Sector 72 Gurgaon,4,5,3+ ,1,0,0,0,0,0,3,8.6,12285,Tata Primanti,moderate,30,9086.409091,6996.535,6608.297521
6,House,Sector 33 Gurgaon,6,7,3+ ,1,0,1,1,1,1,2,9.55,19293,Unitech Uniworld Resorts,moderate,126,4951.394,3812.57338,3601.013818
7,House,Sector 48 Gurgaon,7,7,3+ ,1,0,1,1,1,1,2,4.95,20599,Eldeco Mansionz,very old,145,2400.3497,1848.269269,1745.708873
6,House,Sector 33 Gurgaon,6,6,3+ ,1,0,0,0,0,0,3,9.5,173992,Unitech Uniworld Resorts,old,40,548.9589,422.698353,399.2428364
7,House,Sector 48 Gurgaon,7,7,3,1,0,0,0,0,0,2,5,21367,Eldeco Mansionz,old,40,2335.7663,1798.540051,1698.739127
7,House,Sector 48 Gurgaon,7,7,3,1,0,1,0,0,0,2,4.75,20299,Eldeco Mansionz,old,33,2335.7663,1798.540051,1698.739127
3,House,Malibu Town,3,3,3,1,0,0,0,0,0,2,1.15,41818,Malibu Towne,very old,33,279.8614,215.493278,203.5355636
4,House,Sector 109 Gurgaon,4,5,3,0,0,0,0,0,0,2,6,9634,International City by Sobha Phase 1,old,76,6232.2981,4798.869537,4532.580436
5,House,Palam Vihar,5,5,2,1,0,1,1,1,1,2,9,19231,Ansals Palam Vihar,very old,110,4682.2965,3605.368305,3405.306545
4,House,Sushant Lok Phase 3,4,4,2,0,0,1,1,1,1,2,3.6,20833,,very old,110,1732.9879,1334.400683,1260.354836
5,House,DLF Phase 1,5,5,2,1,0,1,1,1,1,3,9,33333,,very old,110,2701.7389,2080.338953,1964.901018
12,House,Sushant Lok Phase 1,12,12,3+ ,1,0,0,0,0,1,6,2.2,6875,,new,50,3196.8783,2461.596291,2325.0024
3,House,Sector 4 Gurgaon,3,3,2,1,0,0,0,0,0,1,3.3,14667,,very old,34,2249.6551,1732.234427,1636.1128
5,House,Sector 5 Gurgaon,5,4,2,0,1,0,1,0,0,2,3.5,14787,,very old,36,2368.058,1823.40466,1722.224
4,House,Sector 4 Gurgaon,4,4,2,1,0,0,1,0,0,2,2.35,16319,,very old,43,1442.3626,1110.619202,1048.990982
7,House,DLF Phase 1,7,9,3+ ,1,0,1,1,1,1,4,18.25,18250,,moderate,77,548.9589,422.698353,399.2428364
9,House,C Block Sushant Lok Phase 1,9,9,3+ ,1,0,0,0,0,1,3,5.3,27390,,old,71,1937.502,1491.87654,1409.092364
7,House,Sushant Lok Phase 1,7,7,3+ ,0,0,1,0,1,1,3,6.25,30728,Sushant Lok 1 Builder Floors,old,46,2034.3771,1566.470367,1479.546982
4,House,DLF Phase 2,4,4,3+ ,0,0,0,0,1,1,2,6.3,35000,DLF City Plots Phase 2,very old,89,1797.5713,1384.129901,1307.324582
4,House,Sector 26 Gurgaon,4,4,3+ ,1,0,0,1,1,0,2,5.5,30556,DLF City Phase 1,old,49,1797.5713,1384.129901,1307.324582
4,House,DLF Phase 4,4,5,3+ ,1,0,1,0,1,1,4,11.75,41315,,moderate,54,2841.6696,2188.085592,2066.6688
10,House,DLF Phase 3,10,9,3+ ,2,1,0,0,0,0,3,1.9,3786,DLF Pink Town House,moderate,29,6514.256364,5015.9774,4737.640992
4,House,Nirvana Country,4,4,3,1,0,1,1,1,1,2,10.8,60000,Unitech Escape,moderate,103,2604.8638,2005.745126,1894.4464
3,House,Sector 48 Gurgaon,3,4,3,1,0,1,0,1,1,2,6.4,24691,Vipul Tatvam Villa,moderate,148,2594.0999,1997.456923,1886.618109
2,House,Sector-33 Sohna,2,2,3,1,0,1,0,0,0,2,1.15,9349,Central Park Flower Valley,moderate,71,1732.9879,1334.400683,1260.354836
4,House,Sector 48 Gurgaon,4,4,2,1,0,0,0,0,1,2,5.5,23504,,moderate,22,2335.7663,1798.540051,1698.739127
4,House,Sector 46 Gurgaon,4,4,2,1,0,0,1,0,0,2,3.5,21605,RWA Sector 46,moderate,30,1625.3489,1251.518653,1182.071927
4,House,Sector 54 Gurgaon,4,4,3,1,0,0,0,0,1,3,3.75,234375,,old,13,161.4585,124.323045,117.4243636
10,House,South City 1,10,9,3+ ,1,0,1,0,0,1,4,4.25,26235,,old,36,1625.3489,1251.518653,1182.071927
6,House,Sector 38 Gurgaon,6,6,3+ ,1,1,1,1,0,1,4,4,21786,,very old,137,1840.6269,1417.282713,1338.637745
7,House,DLF Phase 1,7,9,3+ ,1,0,1,1,1,1,3,31.5,35000,Arjun Marg/ Sector- 26 Phase- 1/ Golf Course Road,old,74,8998.6204,6928.937708,6544.4512
3,House,Sector 82 Gurgaon,3,3,2,1,0,0,1,0,0,3,1.4,8235,Vatika Independent Floors,new,61,1700.6962,1309.536074,1236.869964
4,House,Sector 82 Gurgaon,4,4,3+ ,1,0,0,1,1,1,3,5,15432,Vatika Signature Villas,moderate,24,3239.9339,2494.749103,2356.315564
5,House,DLF Phase 1,5,5,3+ ,1,0,1,1,1,1,2,17,37627,,moderate,124,4520.838,3481.04526,3287.882182
4,House,Sector 66 Gurgaon,4,4,3+ ,1,0,0,1,1,1,,9,21251,Emaar MGF Marbella,moderate,114,5607.9919,4318.153763,4078.539564
4,House,Sushant Lok Phase 1,4,4,3+ ,1,1,0,0,0,0,4,1.65,30556,Sushant Lok 1 Builder Floors,old,49,538.195,414.41015,391.4145455
5,House,Sushant Lok Phase 1,5,6,3+ ,1,0,0,1,0,1,3,11,27160,The Laburnum,new,160,4047.2264,3116.364328,2943.437382
5,House,DLF Phase 2,5,5,3+ ,1,0,1,1,1,1,2,11,35530,,moderate,29,3100.0032,2387.002464,2254.547782
3,House,Sector 49 Gurgaon,3,3,1,1,0,0,1,0,0,2,3.75,22046,Eros Rosewood City,very old,6,1700.6962,1309.536074,1236.869964
6,House,Sector 56 Gurgaon,6,6,3+ ,1,0,0,0,0,0,2,3.4,22222,Ansal Sushant Lok 2,old,29,1528.4738,1176.924826,1111.617309
3,House,DLF Phase 1,3,3,2,1,0,0,1,0,0,2,4.5,33333,,very old,58,1345.4875,1036.025375,978.5363636
4,House,C Block Sushant Lok Phase 1,4,4,2,1,0,1,0,0,1,2,5.25,27132,,very old,80,1937.502,1491.87654,1409.092364
4,House,DLF Phase 3,4,4,2,1,0,0,1,0,0,2,6.5,22855,,very old,35,2841.6696,2188.085592,2066.6688
4,House,Nirvana Country,4,4,3+ ,1,0,0,0,0,1,2,11,40741,Unitech Espace,old,88,3239.9339,2494.749103,2356.315564
3,House,Nirvana Country,3,3,2,1,0,0,0,0,1,2,7.5,34722,Unitech Espace,old,66,2163.5439,1665.928803,1573.486473
5,House,DLF Phase 2,5,5,2,1,0,0,1,0,0,2,9.9,29333,,old,106,3379.8646,2602.495742,2458.083345
4,House,Uppals Southend,4,4,3,1,0,0,0,0,1,3,6.75,32328,Uppal Southend,moderate,26,2711.943636,2088.1966,1972.322645
12,House,Uppals Southend,12,12,3+ ,1,1,1,1,0,1,,6.75,290948,Uppal Southend,old,49,236.8058,182.340466,172.2224
6,House,Uppals Southend,6,6,3+ ,1,0,1,0,0,0,3,3.75,25562,Uppal Southend,old,26,1901.156364,1463.8904,1382.659174
4,House,Sector 15 Part 2,4,4,2,0,1,0,0,0,0,2,1.45,12393,,very old,13,1173.2651,903.414127,853.2837091
3,House,Sector 15 Part 1,3,3,2,1,1,1,1,0,0,1,4.1,22331,,very old,27,1840.6269,1417.282713,1338.637745
6,House,Sector 14 Gurgaon,6,6,3+ ,0,1,0,0,0,0,3,6.4,20317,,very old,35,3153.8227,2428.443479,2293.689236
6,House,Sector 14 Gurgaon,6,4,2,1,1,0,0,0,0,2,3.5,18088,,very old,27,1937.502,1491.87654,1409.092364
3,House,Sector 82 Gurgaon,3,3,3+ ,0,0,0,0,0,1,3,4.7,21759,Vatika Signature Villas,new,33,2163.5439,1665.928803,1573.486473
3,House,Sector 14 Gurgaon,3,3,2,1,0,1,1,0,1,1,7.5,16600,,very old,27,4520.838,3481.04526,3287.882182
3,House,Sector 48 Gurgaon,3,6,2,1,1,0,0,0,1,2,5.5,21219,Vipul Tatvam Villa,old,106,2594.0999,1997.456923,1886.618109
4,House,Sector 48 Gurgaon,4,4,3,0,1,1,0,0,1,2,7.65,19125,Vipul Tatvam Villa,old,49,5200.221818,4004.1708,3781.979504
5,House,Sector 48 Gurgaon,5,7,3,1,0,0,1,0,1,2,5.15,18885,Eldeco Mansionz,old,145,2723.2667,2096.915359,1980.5576
5,House,Uppals Southend,5,4,2,0,1,0,0,0,0,2,6.75,15000,SS Aaron Ville,new,49,5843.26,4499.3102,4249.643636
5,House,DLF Phase 2,5,5,3+ ,1,0,0,1,0,1,3,10,37037,,old,29,2701.7389,2080.338953,1964.901018
4,House,Sector 17B Gurgaon,4,4,2,1,0,1,1,0,1,2,8.5,18814,,very old,21,4520.838,3481.04526,3287.882182
12,House,Uppals Southend,12,12,3+ ,1,1,1,1,0,1,3,6.75,32328,Uppal Southend,old,49,2088.1966,1607.911382,1518.688436
8,House,Sector 17 Gurgaon,8,8,3,1,0,1,0,0,0,3,9.5,23457,,moderate,27,4520.838,3481.04526,3287.882182
5,House,Sector 14 Gurgaon,5,4,2,0,0,1,0,0,0,2,5.5,16975,,very old,27,3239.9339,2494.749103,2356.315564
5,House,Sector 14 Gurgaon,5,5,2,1,0,1,1,0,1,3,6.46,18889,,old,27,3422.9202,2635.648554,2489.396509
5,House,Sector 106 Gurgaon,5,4,3+ ,1,0,1,1,1,1,33,5.6,14000,Godrej Meridien,new,151,4004.1708,3083.211516,2912.124218
5,House,DLF Phase 4,5,6,3+ ,1,0,1,1,0,1,3,10.5,32407,,new,153,3239.9339,2494.749103,2356.315564
5,House,Sector 57 Gurgaon,5,4,3,1,0,1,1,0,1,2,8,266666,,moderate,21,301.3892,232.069684,219.1921455
4,House,Sector 109 Gurgaon,4,5,3+ ,0,0,1,1,1,1,3,6.44,26502,International City by SOBHA Phase 2,new,138,2432.6414,1873.133878,1769.193745
8,House,Sector 56 Gurgaon,8,8,3+ ,2,0,1,1,0,1,3,7.5,23148,,moderate,42,3239.9339,2494.749103,2356.315564
4,House,Nirvana Country,4,4,2,1,0,0,0,0,1,2,7,32407,Unitech Aspen Greens,very old,29,2163.5439,1665.928803,1573.486473
13,House,DLF Phase 4,13,13,3+ ,2,0,1,1,0,1,3,11,33951,,moderate,122,3239.9339,2494.749103,2356.315564
5,House,Uppals Southend,5,5,2,1,0,1,1,0,1,2,6.5,18808,SS Aaron Ville,moderate,28,3455.2119,2660.513163,2512.881382
4,House,Nirvana Country,4,4,3+ ,1,0,1,1,0,1,2,6.8,31481,Unitech Nirvana Birch Court,very old,105,2163.5439,1665.928803,1573.486473
4,House,Sector 109 Gurgaon,4,4,3+ ,0,0,0,1,0,1,2,6.75,10838,International City by Sobha Phase 1,new,130,6232.2981,4798.869537,4532.580436
6,House,Sector 22 Gurgaon,6,6,3+ ,1,0,0,1,1,0,2,4.7,19847,Saksham Welfare Association,very old,106,2368.058,1829.863,1722.224
4,House,Sector 48 Gurgaon,4,4,3+ ,1,0,1,1,1,1,2,7.8,23148,Vipul Tatvam Villa,moderate,145,3239.9339,2494.749103,2356.315564
4,House,Sector 109 Gurgaon,4,4,3+ ,1,0,0,0,0,1,1,6.5,12037,International City by SOBHA Phase 2,new,160,5403.4778,4160.677906,3929.802036
5,House,Sector 33 Gurgaon,5,5,3+ ,1,0,1,1,1,1,3,8.5,17820,Unitech Uniworld Resorts,new,145,4768.4077,3671.673929,3467.932873
6,House,Sector 46 Gurgaon,6,6,3+ ,1,0,0,0,1,0,3,4.5,24390,RWA Sector 46,old,80,1840.6269,1417.282713,1338.637745
4,House,DLF Phase 1,4,4,3,1,0,0,0,0,0,3,4.45,35185,,very old,25,1345.4875,1036.025375,978.5363636
8,House,Sector 57 Gurgaon,8,8,3+ ,1,0,0,1,1,0,4,3.8,26063,Sector 57 Huda,moderate,94,1453.1265,1118.907405,1056.819273
2,House,Jyoti Park,2,2,0,1,0,1,0,0,0,0,1,79365,,very old,7,129.1668,99.458436,93.93949091
8,House,Sector 38 Gurgaon,8,8,3,1,1,0,0,0,0,4,1.4,23932,Sector 38 RWA,old,40,581.2506,447.562962,422.7277091
5,House,Sector 33 Gurgaon,5,6,3+ ,1,0,0,0,0,1,4,11.5,24573,Unitech Uniworld Resorts,moderate,84,4682.2965,3605.368305,3405.306545
3,House,Sector 38 Gurgaon,3,2,3,1,0,0,0,1,0,2,3.5,24005,Huda,old,85,1453.1265,1118.907405,1056.819273
5,House,Nirvana Country,5,4,3,1,0,1,1,1,0,2,7.1,32870,Nirvana Cedar Crest,old,110,2163.5439,1665.928803,1573.486473
9,House,DLF Phase 2,9,9,3+ ,0,1,0,0,0,0,3,9.5,33404,nul,very old,81,2841.6696,2188.085592,2066.6688
5,House,Sector 33 Gurgaon,5,7,3+ ,0,0,0,0,0,1,3,11.75,23240,Unitech Uniworld Resorts,moderate,80,4520.838,3481.04526,3287.882182
4,House,DLF Phase 1,4,4,3,1,0,0,0,1,0,2,4,29630,,very old,41,1345.4875,1036.025375,978.5363636
3,House,Sector 52 Gurgaon,3,3,3,1,0,0,0,0,1,4,2.25,16071,Ardee City,new,22,2163.5439,1665.928803,1573.486473
16,House,DLF Phase 4,16,17,3+ ,2,1,1,1,0,1,4,12.5,51440,nul,moderate,137,2432.6414,1873.133878,1769.193745
5,House,Sector 33 Gurgaon,5,6,3,1,0,1,0,0,1,3,11,26667,Unitech Uniworld Resorts,new,58,4499.3102,3464.468854,3272.2256
9,House,Sector 38 Gurgaon,9,9,3+ ,1,1,0,1,0,0,3,4.3,28782,Sector 38 RWA,moderate,41,1496.1821,1152.060217,1088.132436
4,House,Nirvana Country,4,4,3,1,0,0,0,0,1,3,7.45,34491,Unitech Espace,very old,59,2163.5439,1665.928803,1573.486473
4,House,Nirvana Country,4,4,3,1,0,0,0,0,0,2,7.42,34351,Unitech Espace,very old,88,2163.5439,1665.928803,1573.486473
12,House,Sector 26 Gurgaon,12,12,3+ ,1,0,0,1,0,1,4,9.25,47803,DLF City Phase 1,new,43,1937.502,1491.87654,1409.092364
3,House,Sector 23A Gurgaon,3,2,2,1,0,0,0,0,0,3,1.2,6230,,new,79,1926.7381,1483.588337,1401.264073
12,House,Malibu Town,12,11,3+ ,1,0,0,1,0,0,4,6.09,33665,,old,44,1808.3352,1392.418104,1315.152873
9,House,Sector 55 Gurgaon,9,9,3+ ,1,1,0,0,0,0,5,5,44444,,new,44,1130.2095,870.261315,821.9705455
6,House,Sector 17 Gurgaon,6,6,3+ ,0,0,1,1,0,0,3,2.98,20566,IFFCO Nagar and 17B RWA,moderate,78,1453.1265,1118.907405,1056.819273
9,House,Sector 38 Gurgaon,9,9,3+ ,1,0,0,1,1,0,2,4,22222,Huda Floor,moderate,152,1797.5713,1384.129901,1307.324582
4,House,Sector 46 Gurgaon,4,4,3,1,0,0,0,1,0,3,2.4,26667,,old,44,904.1676,696.209052,657.5764364
5,House,Sector 57 Gurgaon,5,4,3+ ,1,0,0,0,1,0,2,3.15,20349,,old,60,1550.0016,1193.501232,1127.273891
5,House,Sector 46 Gurgaon,5,4,2,1,0,0,0,1,0,3,4.25,23148,,old,57,1840.6269,1417.282713,1338.637745
9,House,Sector 40 Gurgaon,9,9,3+ ,1,0,0,1,0,0,3,5,21124,,moderate,66,2368.058,1823.40466,1722.224
3,House,Sector 46 Gurgaon,3,3,2,1,0,0,0,1,0,3,2.2,24202,,very old,56,904.1676,696.209052,657.5764364
4,House,Sector 31 Gurgaon,4,3,3,1,0,0,0,1,0,2,3.5,24155,,old,81,1453.1265,1118.907405,1056.819273
8,House,Sector 46 Gurgaon,8,6,3+ ,1,0,0,0,0,1,3,5.65,23870,,old,67,2368.058,1823.40466,1722.224
5,House,Sector 46 Gurgaon,5,4,3+ ,1,0,0,0,0,1,3,3.55,24500,,old,73,1453.1265,1118.907405,1056.819273
5,House,Sector 46 Gurgaon,5,5,3+ ,1,0,0,0,0,1,3,3.6,24845,,old,75,1453.1265,1118.907405,1056.819273
5,House,Sushant Lok Phase 2,5,4,3+ ,1,0,0,0,1,1,2,3.1,20026,,old,59,1550.0016,1193.501232,1127.273891
3,House,Sushant Lok Phase 3,3,3,3,1,0,0,0,1,0,2,4.75,28787,,old,96,1603.8211,1234.942247,1166.415345
3,House,Bissar,3,3,2,1,1,1,1,0,1,2,3.05,12551,Silverglades Tarudhan Valley Golf Resort,old,160,2432.6414,1873.133878,1769.193745
4,House,Sector 26 Gurgaon,4,4,3,1,0,1,1,0,1,2,5.5,30556,DLF City Phase 1,old,69,1797.5713,1384.129901,1307.324582
3,House,DLF Phase 2,3,2,3,0,0,1,0,0,0,2,4.25,31481,DLF City Plots Phase 2,very old,35,1345.4875,1036.025375,978.5363636
3,House,Sector 26 Gurgaon,3,3,2,1,0,1,0,0,1,2,4.5,33333,DLF City Phase 1,old,70,1345.4875,1036.025375,978.5363636
3,House,Sector 26 Gurgaon,3,3,3,1,0,1,0,0,0,2,3.25,33129,DLF City Phase 1,very old,79,979.5149,754.226473,712.3744727
3,House,Bissar,3,3,2,1,1,1,1,0,1,2,3.6,14815,Silverglades Tarudhan Valley Golf Resort,old,160,2432.6414,1873.133878,1769.193745
